"","Variable","Type","y","coef","exp(coef)","se(coef)","z","Pr(>|z|)","exp(-coef)","lower .95","upper .95","Variable.y","DataFile","SurveyText","Values","ValueLabels","variable_group","variable_group_name","num.values","make.factor","num.na","score.pval","zph.pval","score.pval.xrand","score.pval.adjust","score.pval.xrand.adjust","zph.pval.adjust"
"1","db_aggression_level_delivery_workers_at_home","factor","x1",-0.0525879943190869,0.948770830939289,0.0223960792962894,-2.3480893072119,0.0188699962304134,1.05399530359717,0.908024877040263,0.991345184919769,"db_aggression_level_delivery_workers_at_home|1","HLES_dog_owner","When letter carriers or other delivery workers approach your home:","0 | 1 | 2 | 3 | 4","No aggression: no visible signs of aggression 0 | 1 | Moderate aggression: growling/barking, baring teeth 2 | 3 | Serious aggression: snaps, bites or attempts to bite 4","db","Dog Behavior",5,TRUE,260,0.000223181094737298,0.622864510711542,0.884125119039312,0.0194083874928842,1,1
"2","db_aggression_level_delivery_workers_at_home","factor","x3",-0.184581580801344,0.831452106603358,0.0499149832129413,-3.69791932041537,0.000217373950630746,1.20271509574399,0.753962120584583,0.916906283089068,"db_aggression_level_delivery_workers_at_home|3","HLES_dog_owner","When letter carriers or other delivery workers approach your home:","0 | 1 | 2 | 3 | 4","No aggression: no visible signs of aggression 0 | 1 | Moderate aggression: growling/barking, baring teeth 2 | 3 | Serious aggression: snaps, bites or attempts to bite 4","db","Dog Behavior",5,TRUE,260,0.000223181094737298,0.622864510711542,0.884125119039312,0.0194083874928842,1,1
"3","db_aggression_level_delivery_workers_at_home","factor","xModerate aggression: growling/barking, baring teeth 2",-0.0841124612058839,0.919327861561383,0.0248146473587997,-3.38962951960131,0.000699871385567024,1.08775121674394,0.875685495144218,0.965145273879218,"db_aggression_level_delivery_workers_at_home|Moderate aggression: growling/barking, baring teeth 2","HLES_dog_owner","When letter carriers or other delivery workers approach your home:","0 | 1 | 2 | 3 | 4","No aggression: no visible signs of aggression 0 | 1 | Moderate aggression: growling/barking, baring teeth 2 | 3 | Serious aggression: snaps, bites or attempts to bite 4","db","Dog Behavior",5,TRUE,260,0.000223181094737298,0.622864510711542,0.884125119039312,0.0194083874928842,1,1
"4","db_aggression_level_delivery_workers_at_home","factor","xSerious aggression: snaps, bites or attempts to bite 4",-0.055114164583446,0.946377099038627,0.074080579613198,-0.743975882359687,0.456891065933601,1.05666124108016,0.818477450301501,1.09426302857195,"db_aggression_level_delivery_workers_at_home|Serious aggression: snaps, bites or attempts to bite 4","HLES_dog_owner","When letter carriers or other delivery workers approach your home:","0 | 1 | 2 | 3 | 4","No aggression: no visible signs of aggression 0 | 1 | Moderate aggression: growling/barking, baring teeth 2 | 3 | Serious aggression: snaps, bites or attempts to bite 4","db","Dog Behavior",5,TRUE,260,0.000223181094737298,0.622864510711542,0.884125119039312,0.0194083874928842,1,1
"5","db_barks_frequency","factor","xAlways",-0.17815467064999,0.836812983070698,0.0421980715814444,-4.22186758715128,2.42286434678918e-05,1.19501013993651,0.77038771016226,0.908965653785146,"db_barks_frequency|Always","HLES_dog_owner","Barks persistently when alarmed or excited:","0 | 1 | 2 | 3 | 4 ","Never | Seldom | Sometimes | Usually | Always","db","Dog Behavior",5,TRUE,102,4.00635354638367e-07,0.0322096825291956,0.569694434178254,6.48415853137173e-05,1,1
"6","db_barks_frequency","factor","xSeldom",-0.0952394558278075,0.909155205888652,0.0249827494252835,-3.81220874478376,0.000137730479715801,1.0999222063768,0.865710480075494,0.954780157359717,"db_barks_frequency|Seldom","HLES_dog_owner","Barks persistently when alarmed or excited:","0 | 1 | 2 | 3 | 4 ","Never | Seldom | Sometimes | Usually | Always","db","Dog Behavior",5,TRUE,102,4.00635354638367e-07,0.0322096825291956,0.569694434178254,6.48415853137173e-05,1,1
"7","db_barks_frequency","factor","xSometimes",-0.106114586149127,0.899321592373562,0.0256134878723163,-4.1429182420649,3.429142183891e-05,1.11194928319326,0.855288790937658,0.945621332909845,"db_barks_frequency|Sometimes","HLES_dog_owner","Barks persistently when alarmed or excited:","0 | 1 | 2 | 3 | 4 ","Never | Seldom | Sometimes | Usually | Always","db","Dog Behavior",5,TRUE,102,4.00635354638367e-07,0.0322096825291956,0.569694434178254,6.48415853137173e-05,1,1
"8","db_barks_frequency","factor","xUsually",-0.129934474874839,0.878152970118686,0.030277235296832,-4.2914907388666,1.77477606192003e-05,1.13875376389702,0.82755743555982,0.931841834526695,"db_barks_frequency|Usually","HLES_dog_owner","Barks persistently when alarmed or excited:","0 | 1 | 2 | 3 | 4 ","Never | Seldom | Sometimes | Usually | Always","db","Dog Behavior",5,TRUE,102,4.00635354638367e-07,0.0322096825291956,0.569694434178254,6.48415853137173e-05,1,1
"9","db_chases_birds_frequency","factor","xAlways",-0.173754248336395,0.840503427395427,0.0343736179433107,-5.05487227509634,4.30678897698803e-07,1.18976314361837,0.785743165404017,0.8990800589404,"db_chases_birds_frequency|Always","HLES_dog_owner","Chases or would chase birds, given the chance:","0 | 1 | 2 | 3 | 4 ","Never | Seldom | Sometimes | Usually | Always","db","Dog Behavior",5,TRUE,263,3.2543222519985e-06,0.0185423239733261,0.777674416118608,0.000451458795917006,1,1
"10","db_chases_birds_frequency","factor","xSeldom",-0.0345697639202304,0.96602094392755,0.0259130191910018,-1.33406932111696,0.182181139066274,1.03517424367043,0.918183196085331,1.01635105944582,"db_chases_birds_frequency|Seldom","HLES_dog_owner","Chases or would chase birds, given the chance:","0 | 1 | 2 | 3 | 4 ","Never | Seldom | Sometimes | Usually | Always","db","Dog Behavior",5,TRUE,263,3.2543222519985e-06,0.0185423239733261,0.777674416118608,0.000451458795917006,1,1
"11","db_chases_birds_frequency","factor","xSometimes",-0.0928488007871737,0.911331282452132,0.026596346483831,-3.49103591516301,0.000481151568921866,1.09729581246162,0.865042463922048,0.960097036867185,"db_chases_birds_frequency|Sometimes","HLES_dog_owner","Chases or would chase birds, given the chance:","0 | 1 | 2 | 3 | 4 ","Never | Seldom | Sometimes | Usually | Always","db","Dog Behavior",5,TRUE,263,3.2543222519985e-06,0.0185423239733261,0.777674416118608,0.000451458795917006,1,1
"12","db_chases_birds_frequency","factor","xUsually",-0.0693235032670814,0.933024794681031,0.0293033254138498,-2.36572137421361,0.0179949814576443,1.07178287833376,0.880947747096602,0.988180366382299,"db_chases_birds_frequency|Usually","HLES_dog_owner","Chases or would chase birds, given the chance:","0 | 1 | 2 | 3 | 4 ","Never | Seldom | Sometimes | Usually | Always","db","Dog Behavior",5,TRUE,263,3.2543222519985e-06,0.0185423239733261,0.777674416118608,0.000451458795917006,1,1
"13","db_chases_squirrels_frequency","factor","xAlways",-0.217073476030714,0.8048708284186,0.0311467381410443,-6.96938071164057,3.18339162672728e-12,1.24243538800479,0.757205980861644,0.855536098251728,"db_chases_squirrels_frequency|Always","HLES_dog_owner","Chases or would chase squirrels, rabbits, etc., given the chance:","0 | 1 | 2 | 3 | 4 ","Never | Seldom | Sometimes | Usually | Always","db","Dog Behavior",5,TRUE,453,2.8648856331176e-11,0.00354836644482946,0.0233608229065739,7.58737348014111e-09,1,0.626901206125892
"14","db_chases_squirrels_frequency","factor","xSeldom",-0.0747340784680217,0.927990226102976,0.0358726542981178,-2.08331610610545,0.0372224196000421,1.07759755638745,0.864984934536977,0.99558480773267,"db_chases_squirrels_frequency|Seldom","HLES_dog_owner","Chases or would chase squirrels, rabbits, etc., given the chance:","0 | 1 | 2 | 3 | 4 ","Never | Seldom | Sometimes | Usually | Always","db","Dog Behavior",5,TRUE,453,2.8648856331176e-11,0.00354836644482946,0.0233608229065739,7.58737348014111e-09,1,0.626901206125892
"15","db_chases_squirrels_frequency","factor","xSometimes",-0.108825229191642,0.89688715349422,0.03321568611482,-3.27632037512201,0.00105169187198868,1.11496746954626,0.840358428383924,0.95721841887146,"db_chases_squirrels_frequency|Sometimes","HLES_dog_owner","Chases or would chase squirrels, rabbits, etc., given the chance:","0 | 1 | 2 | 3 | 4 ","Never | Seldom | Sometimes | Usually | Always","db","Dog Behavior",5,TRUE,453,2.8648856331176e-11,0.00354836644482946,0.0233608229065739,7.58737348014111e-09,1,0.626901206125892
"16","db_chases_squirrels_frequency","factor","xUsually",-0.113725051894798,0.892503314245593,0.0319219561457135,-3.56259658323191,0.000367204743791695,1.12044401856958,0.838374034448908,0.950127429057335,"db_chases_squirrels_frequency|Usually","HLES_dog_owner","Chases or would chase squirrels, rabbits, etc., given the chance:","0 | 1 | 2 | 3 | 4 ","Never | Seldom | Sometimes | Usually | Always","db","Dog Behavior",5,TRUE,453,2.8648856331176e-11,0.00354836644482946,0.0233608229065739,7.58737348014111e-09,1,0.626901206125892
"17","db_defecates_alone_frequency","factor","xAlways",0.148731276816349,1.16036113137184,0.146640349682099,1.01425887989754,0.310459239637929,0.861800669605115,0.870507828035146,1.54672699295264,"db_defecates_alone_frequency|Always","HLES_dog_owner","Defecates when left alone at night or during the daytime:","0 | 1 | 2 | 3 | 4 ","Never | Seldom | Sometimes | Usually | Always","db","Dog Behavior",5,TRUE,369,1.59844535696209e-11,0.0975072828310413,0.249438050080227,4.43491553886573e-09,1,1
"18","db_defecates_alone_frequency","factor","xSeldom",0.103008285003033,1.10850059296874,0.0307780076712693,3.34681458602627,0.000817458672872281,0.902119499387767,1.04360858278016,1.17742761499585,"db_defecates_alone_frequency|Seldom","HLES_dog_owner","Defecates when left alone at night or during the daytime:","0 | 1 | 2 | 3 | 4 ","Never | Seldom | Sometimes | Usually | Always","db","Dog Behavior",5,TRUE,369,1.59844535696209e-11,0.0975072828310413,0.249438050080227,4.43491553886573e-09,1,1
"19","db_defecates_alone_frequency","factor","xSometimes",0.296987040238825,1.34579785811625,0.0455944044250233,6.51367298211338,7.3335062681318e-11,0.743053642097282,1.23074988924857,1.47160027454164,"db_defecates_alone_frequency|Sometimes","HLES_dog_owner","Defecates when left alone at night or during the daytime:","0 | 1 | 2 | 3 | 4 ","Never | Seldom | Sometimes | Usually | Always","db","Dog Behavior",5,TRUE,369,1.59844535696209e-11,0.0975072828310413,0.249438050080227,4.43491553886573e-09,1,1
"20","db_defecates_alone_frequency","factor","xUsually",0.282131601999267,1.32595320659807,0.0913594652753866,3.08814856948683,0.00201407752359947,0.754174427139589,1.10856938356151,1.58596469662483,"db_defecates_alone_frequency|Usually","HLES_dog_owner","Defecates when left alone at night or during the daytime:","0 | 1 | 2 | 3 | 4 ","Never | Seldom | Sometimes | Usually | Always","db","Dog Behavior",5,TRUE,369,1.59844535696209e-11,0.0975072828310413,0.249438050080227,4.43491553886573e-09,1,1
"21","db_energetic_frequency","factor","xAlways",-0.379846718917709,0.6839662402634,0.0664632379345446,-5.71514013945266,1.0961365270816e-08,1.46206046604711,0.600428164018111,0.779127039427053,"db_energetic_frequency|Always","HLES_dog_owner","Active, energetic, always on the go:","0 | 1 | 2 | 3 | 4 ","Never | Seldom | Sometimes | Usually | Always","db","Dog Behavior",5,TRUE,415,9.591086333027e-36,0.802572787828125,0.318846663718827,1.11764698140133e-32,1,1
"22","db_energetic_frequency","factor","xSeldom",-0.150454108323414,0.860317210500679,0.0255640506571858,-5.88537827361575,3.97144595309254e-09,1.16236196113993,0.81827343394397,0.904521241898646,"db_energetic_frequency|Seldom","HLES_dog_owner","Active, energetic, always on the go:","0 | 1 | 2 | 3 | 4 ","Never | Seldom | Sometimes | Usually | Always","db","Dog Behavior",5,TRUE,415,9.591086333027e-36,0.802572787828125,0.318846663718827,1.11764698140133e-32,1,1
"23","db_energetic_frequency","factor","xSometimes",-0.289270274405761,0.748809793928499,0.0266856696703162,-10.8399106329166,2.22688480936762e-27,1.33545261841953,0.710651427650525,0.789017070347718,"db_energetic_frequency|Sometimes","HLES_dog_owner","Active, energetic, always on the go:","0 | 1 | 2 | 3 | 4 ","Never | Seldom | Sometimes | Usually | Always","db","Dog Behavior",5,TRUE,415,9.591086333027e-36,0.802572787828125,0.318846663718827,1.11764698140133e-32,1,1
"24","db_energetic_frequency","factor","xUsually",-0.378780702042576,0.684695748582548,0.0361977366846025,-10.4642095538448,1.26124785047162e-25,1.46050271535962,0.637802271936887,0.735036999324778,"db_energetic_frequency|Usually","HLES_dog_owner","Active, energetic, always on the go:","0 | 1 | 2 | 3 | 4 ","Never | Seldom | Sometimes | Usually | Always","db","Dog Behavior",5,TRUE,415,9.591086333027e-36,0.802572787828125,0.318846663718827,1.11764698140133e-32,1,1
"25","db_excitement_level_before_walk","factor","x1",-0.0759056057407582,0.926903696817878,0.0424665084759473,-1.78742280599194,0.0738691783226575,1.07886073109112,0.852878284379991,1.00735413119261,"db_excitement_level_before_walk|1","HLES_dog_owner","Just before being taken for a walk:","0 | 1 | 2 | 3 | 4","Calm: little or no special reaction 0 | 1 | Mild to moderate excitability 2 | 3 | Extremely excitable: overreacts, hard to calm down 4","db","Dog Behavior",5,TRUE,145,4.89590638609166e-05,7.47941067226409e-05,0.123846266161817,0.00500455081154713,1,0.0360384904213059
"26","db_excitement_level_before_walk","factor","x3",-0.174377558984117,0.839979695900349,0.0380450274148571,-4.58345205229162,4.57361795880231e-06,1.19050496682319,0.779623286095937,0.905008742181181,"db_excitement_level_before_walk|3","HLES_dog_owner","Just before being taken for a walk:","0 | 1 | 2 | 3 | 4","Calm: little or no special reaction 0 | 1 | Mild to moderate excitability 2 | 3 | Extremely excitable: overreacts, hard to calm down 4","db","Dog Behavior",5,TRUE,145,4.89590638609166e-05,7.47941067226409e-05,0.123846266161817,0.00500455081154713,1,0.0360384904213059
"27","db_excitement_level_before_walk","factor","xExtremely excitable: overreacts, hard to calm down 4",-0.0995104661129371,0.905280475051234,0.0446870589095407,-2.2268296133423,0.0259586634310504,1.10463003186212,0.829364534800793,0.988145386161025,"db_excitement_level_before_walk|Extremely excitable: overreacts, hard to calm down 4","HLES_dog_owner","Just before being taken for a walk:","0 | 1 | 2 | 3 | 4","Calm: little or no special reaction 0 | 1 | Mild to moderate excitability 2 | 3 | Extremely excitable: overreacts, hard to calm down 4","db","Dog Behavior",5,TRUE,145,4.89590638609166e-05,7.47941067226409e-05,0.123846266161817,0.00500455081154713,1,0.0360384904213059
"28","db_excitement_level_before_walk","factor","xMild to moderate excitability 2",-0.114546918891693,0.89177009657197,0.036418786049801,-3.14527010139919,0.00165933554143746,1.12136525304456,0.830334682192739,0.957751039664973,"db_excitement_level_before_walk|Mild to moderate excitability 2","HLES_dog_owner","Just before being taken for a walk:","0 | 1 | 2 | 3 | 4","Calm: little or no special reaction 0 | 1 | Mild to moderate excitability 2 | 3 | Extremely excitable: overreacts, hard to calm down 4","db","Dog Behavior",5,TRUE,145,4.89590638609166e-05,7.47941067226409e-05,0.123846266161817,0.00500455081154713,1,0.0360384904213059
"29","db_hyperactive_frequency","factor","xAlways",0.303193936513363,1.35417706335585,0.137899663344821,2.1986561037152,0.0279023844364269,0.738455868925924,1.03346327289193,1.77441769535513,"db_hyperactive_frequency|Always","HLES_dog_owner","Hyperactive, restless, has trouble settling down:","0 | 1 | 2 | 3 | 4 ","Never | Seldom | Sometimes | Usually | Always","db","Dog Behavior",5,TRUE,241,0.000179352252407496,0.580221945273545,0.119919880803076,0.0163280271837947,1,1
"30","db_hyperactive_frequency","factor","xSeldom",0.00196288258549359,1.0019648103006,0.0224705999606294,0.0873533679088561,0.93039063464431,0.998039042608679,0.958794335784501,1.04707906963101,"db_hyperactive_frequency|Seldom","HLES_dog_owner","Hyperactive, restless, has trouble settling down:","0 | 1 | 2 | 3 | 4 ","Never | Seldom | Sometimes | Usually | Always","db","Dog Behavior",5,TRUE,241,0.000179352252407496,0.580221945273545,0.119919880803076,0.0163280271837947,1,1
"31","db_hyperactive_frequency","factor","xSometimes",0.119018818963486,1.12639111560217,0.0320919963034853,3.70867607729843,0.000208345756114279,0.887791093296574,1.05772424558044,1.199515800653,"db_hyperactive_frequency|Sometimes","HLES_dog_owner","Hyperactive, restless, has trouble settling down:","0 | 1 | 2 | 3 | 4 ","Never | Seldom | Sometimes | Usually | Always","db","Dog Behavior",5,TRUE,241,0.000179352252407496,0.580221945273545,0.119919880803076,0.0163280271837947,1,1
"32","db_hyperactive_frequency","factor","xUsually",0.154918544124904,1.16756285237773,0.0743321788843348,2.08413834291023,0.0371475852050294,0.856484940372601,1.00927287982393,1.35067833635857,"db_hyperactive_frequency|Usually","HLES_dog_owner","Hyperactive, restless, has trouble settling down:","0 | 1 | 2 | 3 | 4 ","Never | Seldom | Sometimes | Usually | Always","db","Dog Behavior",5,TRUE,241,0.000179352252407496,0.580221945273545,0.119919880803076,0.0163280271837947,1,1
"33","db_playful_frequency","factor","xAlways",-0.285787927880334,0.751421954697332,0.0665399782293518,-4.29498078426285,1.74708468531735e-05,1.33081019758438,0.659545782814682,0.856096678522481,"db_playful_frequency|Always","HLES_dog_owner","Playful, puppyish, boisterous:","0 | 1 | 2 | 3 | 4 ","Never | Seldom | Sometimes | Usually | Always","db","Dog Behavior",5,TRUE,119,1.47016734273956e-22,0.0517104397212757,0.758089432277036,1.22370176083596e-19,1,1
"34","db_playful_frequency","factor","xSeldom",-0.147074079304823,0.863230027567324,0.0284010736924064,-5.17846898668995,2.23714255095136e-07,1.15843977626463,0.816491186507668,0.912644365067969,"db_playful_frequency|Seldom","HLES_dog_owner","Playful, puppyish, boisterous:","0 | 1 | 2 | 3 | 4 ","Never | Seldom | Sometimes | Usually | Always","db","Dog Behavior",5,TRUE,119,1.47016734273956e-22,0.0517104397212757,0.758089432277036,1.22370176083596e-19,1,1
"35","db_playful_frequency","factor","xSometimes",-0.231236419478718,0.793551832745401,0.026093514781611,-8.86183488173384,7.87081153537814e-19,1.26015712992605,0.753988043384058,0.835191641006996,"db_playful_frequency|Sometimes","HLES_dog_owner","Playful, puppyish, boisterous:","0 | 1 | 2 | 3 | 4 ","Never | Seldom | Sometimes | Usually | Always","db","Dog Behavior",5,TRUE,119,1.47016734273956e-22,0.0517104397212757,0.758089432277036,1.22370176083596e-19,1,1
"36","db_playful_frequency","factor","xUsually",-0.319861565589422,0.726249568045942,0.0360227772518241,-8.87942546332196,6.72065812562275e-19,1.3769371356607,0.676742176044829,0.779378696580571,"db_playful_frequency|Usually","HLES_dog_owner","Playful, puppyish, boisterous:","0 | 1 | 2 | 3 | 4 ","Never | Seldom | Sometimes | Usually | Always","db","Dog Behavior",5,TRUE,119,1.47016734273956e-22,0.0517104397212757,0.758089432277036,1.22370176083596e-19,1,1
"37","db_pulls_leash_frequency","factor","xAlways",-0.0700581614835162,0.932339592075162,0.0577176354545944,-1.21380858608856,0.224820826832934,1.07257056173517,0.832616065982897,1.04400713662032,"db_pulls_leash_frequency|Always","HLES_dog_owner","Pulls excessively hard when on the leash:","0 | 1 | 2 | 3 | 4 ","Never | Seldom | Sometimes | Usually | Always","db","Dog Behavior",5,TRUE,366,6.42637214577666e-06,0.00842883762571299,0.658605203005476,0.000813982172873524,1,1
"38","db_pulls_leash_frequency","factor","xSeldom",-0.0998320573794792,0.904989391564149,0.0232896747823775,-4.28653720210034,1.81479822179833e-05,1.10498532836019,0.864608062937536,0.947256721225856,"db_pulls_leash_frequency|Seldom","HLES_dog_owner","Pulls excessively hard when on the leash:","0 | 1 | 2 | 3 | 4 ","Never | Seldom | Sometimes | Usually | Always","db","Dog Behavior",5,TRUE,366,6.42637214577666e-06,0.00842883762571299,0.658605203005476,0.000813982172873524,1,1
"39","db_pulls_leash_frequency","factor","xSometimes",-0.127082490293581,0.880661023614397,0.0255882734328689,-4.96643474703298,6.81949845567587e-07,1.13551068252778,0.837583277296356,0.925954301543613,"db_pulls_leash_frequency|Sometimes","HLES_dog_owner","Pulls excessively hard when on the leash:","0 | 1 | 2 | 3 | 4 ","Never | Seldom | Sometimes | Usually | Always","db","Dog Behavior",5,TRUE,366,6.42637214577666e-06,0.00842883762571299,0.658605203005476,0.000813982172873524,1,1
"40","db_pulls_leash_frequency","factor","xUsually",-0.0769207617673035,0.925963222388935,0.0381318013784006,-2.01723388318272,0.0436711116810272,1.07995649915777,0.85928234631686,0.997818578366011,"db_pulls_leash_frequency|Usually","HLES_dog_owner","Pulls excessively hard when on the leash:","0 | 1 | 2 | 3 | 4 ","Never | Seldom | Sometimes | Usually | Always","db","Dog Behavior",5,TRUE,366,6.42637214577666e-06,0.00842883762571299,0.658605203005476,0.000813982172873524,1,1
"41","db_training_obeys_sit_command_frequency","factor","xAlways",-0.215930452847309,0.805791340418185,0.0480647144345876,-4.49249424213628,7.03938222772438e-06,1.24101606686543,0.73334753537838,0.88539151353106,"db_training_obeys_sit_command_frequency|Always","HLES_dog_owner","Obeys a """"""""sit"""""""" command immediately:","0 | 1 | 2 | 3 | 4 ","Never | Seldom | Sometimes | Usually | Always","db","Dog Behavior",5,TRUE,181,4.20817906883695e-08,0.00123594343885532,0.484412998005446,7.662157715659e-06,1,0.312182815296698
"42","db_training_obeys_sit_command_frequency","factor","xSeldom",-0.00511609461038392,0.994896970311692,0.0602042852848164,-0.0849789111552529,0.932278156513458,1.00512920416946,0.884162574468552,1.11949997672129,"db_training_obeys_sit_command_frequency|Seldom","HLES_dog_owner","Obeys a """"""""sit"""""""" command immediately:","0 | 1 | 2 | 3 | 4 ","Never | Seldom | Sometimes | Usually | Always","db","Dog Behavior",5,TRUE,181,4.20817906883695e-08,0.00123594343885532,0.484412998005446,7.662157715659e-06,1,0.312182815296698
"43","db_training_obeys_sit_command_frequency","factor","xSometimes",-0.109257859852463,0.896499216535085,0.0493470368572118,-2.21407133661553,0.0268238720388693,1.11544994301829,0.813852384834872,0.987538846385626,"db_training_obeys_sit_command_frequency|Sometimes","HLES_dog_owner","Obeys a """"""""sit"""""""" command immediately:","0 | 1 | 2 | 3 | 4 ","Never | Seldom | Sometimes | Usually | Always","db","Dog Behavior",5,TRUE,181,4.20817906883695e-08,0.00123594343885532,0.484412998005446,7.662157715659e-06,1,0.312182815296698
"44","db_training_obeys_sit_command_frequency","factor","xUsually",-0.184620174203219,0.831420018657264,0.0459285175784113,-4.01972856816088,5.82652304574361e-05,1.20276151350672,0.759846823136329,0.90973499707588,"db_training_obeys_sit_command_frequency|Usually","HLES_dog_owner","Obeys a """"""""sit"""""""" command immediately:","0 | 1 | 2 | 3 | 4 ","Never | Seldom | Sometimes | Usually | Always","db","Dog Behavior",5,TRUE,181,4.20817906883695e-08,0.00123594343885532,0.484412998005446,7.662157715659e-06,1,0.312182815296698
"45","db_training_obeys_stay_command_frequency","factor","xAlways",-0.180568302472429,0.834795660142083,0.0436537950359357,-4.13637124386977,3.52841187375317e-05,1.19789793807721,0.766340900418618,0.90936526265449,"db_training_obeys_stay_command_frequency|Always","HLES_dog_owner","Obeys a """"""""stay"""""""" command immediately:","0 | 1 | 2 | 3 | 4 ","Never | Seldom | Sometimes | Usually | Always","db","Dog Behavior",5,TRUE,525,6.04927859838593e-10,0.00221770743084376,0.320113333854843,1.46858537239335e-07,1,0.455685874127037
"46","db_training_obeys_stay_command_frequency","factor","xSeldom",0.0086380377781581,1.00867545328107,0.0433240103386036,0.199382229637713,0.841963760113267,0.991399162879548,0.92656093893312,1.09806719374904,"db_training_obeys_stay_command_frequency|Seldom","HLES_dog_owner","Obeys a """"""""stay"""""""" command immediately:","0 | 1 | 2 | 3 | 4 ","Never | Seldom | Sometimes | Usually | Always","db","Dog Behavior",5,TRUE,525,6.04927859838593e-10,0.00221770743084376,0.320113333854843,1.46858537239335e-07,1,0.455685874127037
"47","db_training_obeys_stay_command_frequency","factor","xSometimes",-0.0587306236807469,0.942960746242881,0.038708733930863,-1.51724475891267,0.12920489955264,1.06048953149363,0.874066911853382,1.01728478323188,"db_training_obeys_stay_command_frequency|Sometimes","HLES_dog_owner","Obeys a """"""""stay"""""""" command immediately:","0 | 1 | 2 | 3 | 4 ","Never | Seldom | Sometimes | Usually | Always","db","Dog Behavior",5,TRUE,525,6.04927859838593e-10,0.00221770743084376,0.320113333854843,1.46858537239335e-07,1,0.455685874127037
"48","db_training_obeys_stay_command_frequency","factor","xUsually",-0.151212942697909,0.8596646198638,0.0377956914970851,-4.00079841665474,6.3129120014148e-05,1.16324433609753,0.798283775138406,0.925765099657,"db_training_obeys_stay_command_frequency|Usually","HLES_dog_owner","Obeys a """"""""stay"""""""" command immediately:","0 | 1 | 2 | 3 | 4 ","Never | Seldom | Sometimes | Usually | Always","db","Dog Behavior",5,TRUE,525,6.04927859838593e-10,0.00221770743084376,0.320113333854843,1.46858537239335e-07,1,0.455685874127037
"49","db_urinates_alone_frequency","factor","xAlways",0.321601626376481,1.37933517573939,0.106889663145968,3.00872523040234,0.00262346263955319,0.72498694848694,1.11862665978331,1.7008047415932,"db_urinates_alone_frequency|Always","HLES_dog_owner","Urinates when left alone at night or during the daytime:","0 | 1 | 2 | 3 | 4 ","Never | Seldom | Sometimes | Usually | Always","db","Dog Behavior",5,TRUE,256,6.4055458436053e-10,0.002390511923466,0.226096625705671,1.4928734301308e-07,1,0.469265953903594
"50","db_urinates_alone_frequency","factor","xSeldom",0.0914286037475028,1.09573854227412,0.0307516290028929,2.9731304230713,0.00294779164748114,0.91262647193607,1.03164696301958,1.16381184267803,"db_urinates_alone_frequency|Seldom","HLES_dog_owner","Urinates when left alone at night or during the daytime:","0 | 1 | 2 | 3 | 4 ","Never | Seldom | Sometimes | Usually | Always","db","Dog Behavior",5,TRUE,256,6.4055458436053e-10,0.002390511923466,0.226096625705671,1.4928734301308e-07,1,0.469265953903594
"51","db_urinates_alone_frequency","factor","xSometimes",0.182969678499604,1.20077799813828,0.0403699475050326,4.53232391438691,5.83383012552591e-06,0.83279340689988,1.10942962880082,1.29964782207187,"db_urinates_alone_frequency|Sometimes","HLES_dog_owner","Urinates when left alone at night or during the daytime:","0 | 1 | 2 | 3 | 4 ","Never | Seldom | Sometimes | Usually | Always","db","Dog Behavior",5,TRUE,256,6.4055458436053e-10,0.002390511923466,0.226096625705671,1.4928734301308e-07,1,0.469265953903594
"52","db_urinates_alone_frequency","factor","xUsually",0.3255368943063,1.38477392366725,0.0703256321385788,4.62899350360364,3.67447294286929e-06,0.722139536937362,1.20647295303651,1.58942545279816,"db_urinates_alone_frequency|Usually","HLES_dog_owner","Urinates when left alone at night or during the daytime:","0 | 1 | 2 | 3 | 4 ","Never | Seldom | Sometimes | Usually | Always","db","Dog Behavior",5,TRUE,256,6.4055458436053e-10,0.002390511923466,0.226096625705671,1.4928734301308e-07,1,0.469265953903594
"53","de_daytime_sleep_avg_hours","numeric","x",0.00978818305287157,1.0098362439984,0.00201142612841434,4.86629009865148,1.13712570875951e-06,0.990259565294021,1.00586298066971,1.01382520213023,"de_daytime_sleep_avg_hours","HLES_dog_owner","How many hours does your dog sleep on an average day?","99 | 0 | 1 | 2 | 3 | 4 | 5 | 6 | 7 | 8 | 9 | 10 | 11 | 12 | 13 | 14 | 15 | 16 | 17 | 18 | 19 | 20 | 21 | 22 | 23 | 24","Don't know | 0 | 1 | 2 | 3 | 4 | 5 | 6 | 7 | 8 | 9 | 10 | 11 | 12 | 13 | 14 | 15 | 16 | 17 | 18 | 19 | 20 | 21 | 22 | 23 | 24","de","Dog Environment",26,FALSE,5483,1.13080227251722e-06,0.00960150249722794,0.0497072467495522,0.000168938611004834,1,1
"54","de_drinks_outdoor_water","factor","xNo",0.0950896124254408,1.09975740263874,0.0206825363782508,4.59757984641741,4.2742684358875e-06,0.909291447005143,1.0560680093619,1.14525422031248,"de_drinks_outdoor_water|No","HLES_dog_owner","Does your dog drink from outdoor water sources (such as lake, river, stream, pond, puddles, etc.)?","True | False","Yes | No","de","Dog Environment",2,TRUE,0,4.24343224993655e-06,0.00119059192372728,0.0597507492499308,0.000574983881986929,1,0.312182815296698
"55","de_eats_grass_frequency","factor","xInfrequently",0.0476007419470328,1.04875184910284,0.021870725961114,2.17645916425758,0.0295209439621076,0.953514409395757,1.00474613413167,1.09468491953658,"de_eats_grass_frequency|Infrequently","HLES_dog_owner","How often do you see your dog eating grass?","1 | 2 | 0"," Frequently  |  Infrequently  |  Never","de","Dog Environment",3,TRUE,0,3.34689144938257e-10,0.211644211809955,0.415668139363173,8.47853162730586e-08,1,1
"56","de_eats_grass_frequency","factor","xNever",0.196935675531783,1.2176657124873,0.0304541465257831,6.46662927706916,1.002130973007e-10,0.821243457662382,1.14711104301997,1.29255994560363,"de_eats_grass_frequency|Never","HLES_dog_owner","How often do you see your dog eating grass?","1 | 2 | 0"," Frequently  |  Infrequently  |  Never","de","Dog Environment",3,TRUE,0,3.34689144938257e-10,0.211644211809955,0.415668139363173,8.47853162730586e-08,1,1
"57","de_home_years_lived_in","numeric","x",-0.00620012971021179,0.99381905143167,0.00163401190363853,-3.79442138481713,0.000147988160580852,1.0062193902999,0.990641333287067,0.997006962864467,"de_home_years_lived_in","HLES_dog_owner","How many years have you lived in this home?","0 | 1 | 2 | 3 | 4 | 5 | 6 | 7 | 8 | 9 | 10 | 11 | 12 | 13 | 14 | 15","Less than 1 | 1 | 2 | 3 | 4 | 5 | 6 | 7 | 8 | 9 | 10 | 11 | 12 | 13 | 14 | 15+","de","Dog Environment",16,FALSE,0,0.000147608620146882,0.0706188605745626,0.847907739965497,0.0140990139098223,1,1
"58","de_recreational_spaces","factor","xNo",0.160190162673202,1.17373405017557,0.0192775547553696,8.30967229537148,9.5966723390781e-17,0.851981758431917,1.13021383534782,1.21893006213075,"de_recreational_spaces|No","HLES_dog_owner","Do you ever take your dog to parks or other open spaces meant for recreational activities?","True | False","Yes | No","de","Dog Environment",2,TRUE,0,8.94091371701488e-17,0.000135575208147642,0.287245443064452,3.47294174327302e-14,1,0.0552750092602187
"59","de_routine_consistency","factor","xNo daily routine/my routine varies a lot",-0.186744972530841,0.829655294297697,0.0704303843551392,-2.651483081353,0.00801391278837814,1.20531985617774,0.722681998785459,0.952463059150502,"de_routine_consistency|No daily routine/my routine varies a lot","HLES_dog_owner","How consistent is your dog's daily routine?  We understand that this can vary. Please just provide your best estimate.","1 | 2 | 3 | 4 | 5 | 0"," Same routine every day  |  Same routine on weekdays only  |  Same routine 3-5 days a week  |  Same routine on weekends only  |  Same routine on most weekends and same routine on most weekdays  |  No daily routine/my routine varies a lot","de","Dog Environment",6,TRUE,0,0.000153769940874268,0.743058888854618,0.713301150144058,0.014221249357977,1,1
"60","de_routine_consistency","factor","xSame routine 3-5 days a week",-0.091911953862022,0.912185460416417,0.0355701603439128,-2.58396231485504,0.00976724658919955,1.09626829564187,0.850757468376295,0.978048791958504,"de_routine_consistency|Same routine 3-5 days a week","HLES_dog_owner","How consistent is your dog's daily routine?  We understand that this can vary. Please just provide your best estimate.","1 | 2 | 3 | 4 | 5 | 0"," Same routine every day  |  Same routine on weekdays only  |  Same routine 3-5 days a week  |  Same routine on weekends only  |  Same routine on most weekends and same routine on most weekdays  |  No daily routine/my routine varies a lot","de","Dog Environment",6,TRUE,0,0.000153769940874268,0.743058888854618,0.713301150144058,0.014221249357977,1,1
"61","de_routine_consistency","factor","xSame routine on most weekends and same routine on most weekdays",-0.0856133177926785,0.917949117192528,0.0225578283396354,-3.79528190850938,0.000147475785991117,1.08938500105367,0.878248365515388,0.959444520298146,"de_routine_consistency|Same routine on most weekends and same routine on most weekdays","HLES_dog_owner","How consistent is your dog's daily routine?  We understand that this can vary. Please just provide your best estimate.","1 | 2 | 3 | 4 | 5 | 0"," Same routine every day  |  Same routine on weekdays only  |  Same routine 3-5 days a week  |  Same routine on weekends only  |  Same routine on most weekends and same routine on most weekdays  |  No daily routine/my routine varies a lot","de","Dog Environment",6,TRUE,0,0.000153769940874268,0.743058888854618,0.713301150144058,0.014221249357977,1,1
"62","de_routine_consistency","factor","xSame routine on weekdays only",0.00263548972363764,1.00263896567962,0.031515568790976,0.083625008995309,0.93335458227555,0.99736798013048,0.942580558541548,1.06652411445297,"de_routine_consistency|Same routine on weekdays only","HLES_dog_owner","How consistent is your dog's daily routine?  We understand that this can vary. Please just provide your best estimate.","1 | 2 | 3 | 4 | 5 | 0"," Same routine every day  |  Same routine on weekdays only  |  Same routine 3-5 days a week  |  Same routine on weekends only  |  Same routine on most weekends and same routine on most weekdays  |  No daily routine/my routine varies a lot","de","Dog Environment",6,TRUE,0,0.000153769940874268,0.743058888854618,0.713301150144058,0.014221249357977,1,1
"63","de_routine_consistency","factor","xSame routine on weekends only",-0.250007366389193,0.778795046142864,0.31787640699483,-0.786492362716491,0.431579091641929,1.28403487535353,0.417682512037734,1.45211184671737,"de_routine_consistency|Same routine on weekends only","HLES_dog_owner","How consistent is your dog's daily routine?  We understand that this can vary. Please just provide your best estimate.","1 | 2 | 3 | 4 | 5 | 0"," Same routine every day  |  Same routine on weekdays only  |  Same routine 3-5 days a week  |  Same routine on weekends only  |  Same routine on most weekends and same routine on most weekdays  |  No daily routine/my routine varies a lot","de","Dog Environment",6,TRUE,0,0.000153769940874268,0.743058888854618,0.713301150144058,0.014221249357977,1,1
"64","de_routine_toys_include_tennis_balls","factor","xNo",0.0926378612680006,1.09706437382118,0.0250650933307706,3.69589133563193,0.000219116682945258,0.911523538511147,1.0444716725582,1.15230529647571,"de_routine_toys_include_tennis_balls|No","HLES_dog_owner","Tennis ball","1 | 0 | 99"," Yes  |  No  |  Unknown","de","Dog Environment",3,TRUE,11262,0.000183146915311983,0.117832403448271,0.915057764644876,0.0164169738076761,1,1
"65","de_routine_toys_include_tennis_balls","factor","xUnknown",0.667796814555619,1.94993651289444,0.335710902536087,1.9892020470912,0.0466789060587104,0.512837209512848,1.00986386674464,3.76511382328763,"de_routine_toys_include_tennis_balls|Unknown","HLES_dog_owner","Tennis ball","1 | 0 | 99"," Yes  |  No  |  Unknown","de","Dog Environment",3,TRUE,11262,0.000183146915311983,0.117832403448271,0.915057764644876,0.0164169738076761,1,1
"66","de_routine_toys","factor","xNo",0.115805649333671,1.12277763834485,0.0198336567099687,5.83884510189514,5.25639104009417e-09,0.890648304569156,1.07996906423649,1.16728308885261,"de_routine_toys|No","HLES_dog_owner","Does your dog regularly lick, chew, or play with toys?","True | False","Yes | No","de","Dog Environment",2,TRUE,0,5.17857178311382e-09,0.062206188656316,0.596457934523243,1.04044435031322e-06,1,1
"67","de_stairs_in_home","factor","xNo",0.107917187185621,1.11395549177726,0.0186765768561549,5.77821021575784,7.54994417434227e-09,0.897701934575993,1.07391598760232,1.15548781467647,"de_stairs_in_home|No","HLES_dog_owner","Is there a staircase with more than 8 stairs that your dog uses regularly?","True | False","Yes | No","de","Dog Environment",2,TRUE,0,7.43128732815807e-09,0.380333225454178,0.263203380820837,1.44327687220052e-06,1,1
"68","de_wood_fireplace_present","factor","xNo",0.0947663233312012,1.099401920529,0.0216481911736313,4.37756312160767,1.200136097138e-05,0.909585458536245,1.05373041936414,1.1470529469883,"de_wood_fireplace_present|No","HLES_dog_owner","Wood burning fireplace or wood stove present:","1 | 0 | 99"," Yes  |  No  |  Unknown","de","Dog Environment",3,TRUE,0,4.78067436095299e-05,0.302867844224637,0.939964750070005,0.00497402528900232,1,1
"69","de_wood_fireplace_present","factor","xUnknown",0.171134961342677,1.18665089021247,0.119114577192779,1.43672559124067,0.150795980388791,0.842707832815896,0.939577173830769,1.498695769184,"de_wood_fireplace_present|Unknown","HLES_dog_owner","Wood burning fireplace or wood stove present:","1 | 0 | 99"," Yes  |  No  |  Unknown","de","Dog Environment",3,TRUE,0,4.78067436095299e-05,0.302867844224637,0.939964750070005,0.00497402528900232,1,1
"70","df_appetite_change_last_year","factor","xDon't Know",-0.0455155501025301,0.955504744259689,0.173166503578651,-0.26284269279513,0.792671828012981,1.0465672787159,0.680508027528309,1.34162901739582,"df_appetite_change_last_year|Don't Know","HLES_dog_owner","In the past 12 months, has your dog's appetite stayed about the same? How has your dog's appetite changed in the past 12 months?","0 | 1 | 2 | 99","Yes | Eats less than usual  |  Eats more than usual | Don't Know","df","Diet Survey",4,TRUE,9881,1.01422249346461e-21,0.00700022278151571,0.375906224430999,7.38669393728297e-19,1,0.976382892577635
"71","df_appetite_change_last_year","factor","xEats less than usual",0.339052152424839,1.40361654531031,0.0353254894898496,9.59794633623582,8.15530960957644e-22,0.712445292370732,1.30972273912401,1.50424158290673,"df_appetite_change_last_year|Eats less than usual","HLES_dog_owner","In the past 12 months, has your dog's appetite stayed about the same? How has your dog's appetite changed in the past 12 months?","0 | 1 | 2 | 99","Yes | Eats less than usual  |  Eats more than usual | Don't Know","df","Diet Survey",4,TRUE,9881,1.01422249346461e-21,0.00700022278151571,0.375906224430999,7.38669393728297e-19,1,0.976382892577635
"72","df_appetite_change_last_year","factor","xEats more than usual",0.210270613782361,1.23401195541908,0.0644427271132076,3.26290681977154,0.00110275771411451,0.810364920379065,1.08759103364368,1.40014532945858,"df_appetite_change_last_year|Eats more than usual","HLES_dog_owner","In the past 12 months, has your dog's appetite stayed about the same? How has your dog's appetite changed in the past 12 months?","0 | 1 | 2 | 99","Yes | Eats less than usual  |  Eats more than usual | Don't Know","df","Diet Survey",4,TRUE,9881,1.01422249346461e-21,0.00700022278151571,0.375906224430999,7.38669393728297e-19,1,0.976382892577635
"73","df_appetite","factor","xAverage (eats without prompting to do so and seems full afterwards)",-0.123432075379817,0.883881676532284,0.0426571390290993,-2.89358541592804,0.00380870682566253,1.13137315384032,0.812988323675376,0.960956996993072,"df_appetite|Average (eats without prompting to do so and seems full afterwards)","HLES_dog_owner","How would you assess your dog's appetite?","1 | 2 | 3"," Poor (does not eat without encouragement)  |  Average (eats without prompting to do so and seems full afterwards)  |  Voracious (always ready for more food)","df","Diet Survey",3,TRUE,9881,0.000227303190517398,0.0920899652787424,0.994756042121891,0.0194761662274665,1,1
"74","df_appetite","factor","xVoracious (always ready for more food)",-0.170695975583412,0.843077850764086,0.0437974283791304,-3.89739721943924,9.72320664223897e-05,1.18613008169257,0.773726089298052,0.918645851911019,"df_appetite|Voracious (always ready for more food)","HLES_dog_owner","How would you assess your dog's appetite?","1 | 2 | 3"," Poor (does not eat without encouragement)  |  Average (eats without prompting to do so and seems full afterwards)  |  Voracious (always ready for more food)","df","Diet Survey",3,TRUE,9881,0.000227303190517398,0.0920899652787424,0.994756042121891,0.0194761662274665,1,1
"75","df_ever_overweight","factor","xNo",-0.0625073340799013,0.939406173108278,0.020815483268837,-3.00292495123,0.0026739836349853,1.0645022660339,0.90185192839032,0.978524223648389,"df_ever_overweight|No","HLES_dog_owner","Has your dog ever been considered overweight?","1 | 0 | 99"," Yes  |  No  |  Unknown","df","Diet Survey",3,TRUE,9881,6.08405918257124e-05,0.371285786716831,0.502616827526993,0.00600825382924359,1,1
"76","df_ever_overweight","factor","xUnknown",0.113776342320482,1.12050148809405,0.0496321308232053,2.29239285989482,0.0218829836713372,0.892457538544618,1.01663601613318,1.23497846318334,"df_ever_overweight|Unknown","HLES_dog_owner","Has your dog ever been considered overweight?","1 | 0 | 99"," Yes  |  No  |  Unknown","df","Diet Survey",3,TRUE,9881,6.08405918257124e-05,0.371285786716831,0.502616827526993,0.00600825382924359,1,1
"77","df_ever_underweight","factor","xNo",-0.0817204120139648,0.921529571278885,0.0279625926918823,-2.92249051847358,0.0034724419339576,1.08515237184653,0.872383562437893,0.973444236349768,"df_ever_underweight|No","HLES_dog_owner","Has your dog ever been considered underweight?","1 | 0 | 99"," Yes  |  No  |  Unknown","df","Diet Survey",3,TRUE,9881,8.5419492198641e-06,0.000344943476302046,0.635107500683762,0.00103686592310084,1,0.107545170118284
"78","df_ever_underweight","factor","xUnknown",0.0612158817861147,1.0631283994732,0.0407726810326304,1.50139456704168,0.133253538282917,0.940620155096519,0.981476601981058,1.15157303952547,"df_ever_underweight|Unknown","HLES_dog_owner","Has your dog ever been considered underweight?","1 | 0 | 99"," Yes  |  No  |  Unknown","df","Diet Survey",3,TRUE,9881,8.5419492198641e-06,0.000344943476302046,0.635107500683762,0.00103686592310084,1,0.107545170118284
"79","df_primary_diet_component_change_health_condition_specific","factor","xNo",-0.208830226759943,0.811533000535599,0.0412331580137683,-5.06461878787484,4.0921840465446e-07,1.23223578011001,0.748528700799721,0.879840425964542,"df_primary_diet_component_change_health_condition_specific|No","HLES_dog_owner","What were the reasons for the diet change? Health diagnosis prompted change to a condition-specific diet","True | False","Yes | No","df","Diet Survey",2,TRUE,39411,3.92457458429149e-07,1.72192417492451e-08,0.962159212448703,6.48415853137173e-05,1,3.0421783062752e-05
"80","df_primary_diet_component_change_recent","factor","xNo",-0.103555549384802,0.901625936584642,0.0216187037056763,-4.7900905990775,1.66706025906943e-06,1.10910740188775,0.864220417349832,0.940650455835116,"df_primary_diet_component_change_recent|No","HLES_dog_owner","Have you made any changes to the primary component of your dog's diet in the past 12 months? ","True | False","Yes | No","df","Diet Survey",2,TRUE,9881,1.64983722210127e-06,0.685926366335362,0.118684783788952,0.000234457480859512,1,1
"81","df_treats_other","factor","xNo",0.0763383097983036,1.07932765952062,0.0206854526841045,3.69043457564576,0.000223871263609733,0.926502708588184,1.03644394204018,1.12398572595555,"df_treats_other|No","HLES_dog_owner","Other","True | False","Yes | No","df","Diet Survey",2,TRUE,10216,0.000223109040571923,0.0397523851833344,0.00822085101059507,0.0194083874928842,1,1
"82","df_weight_change_last_year","factor","xDon't know",0.299984731717421,1.34983819770763,0.177578269115278,1.68930992070139,0.0911600531961658,0.740829531790001,0.953074427576933,1.91177426155786,"df_weight_change_last_year|Don't know","HLES_dog_owner","In the past 12 months, has your dog's weight stayed about the same? How has your dog's weight changed in the past 12 months?","0 | 1 | 2 | 3 | 99","Yes | Lost weight | Gained weight | My dog is a puppy who was growing to his/her full size during the past year | Don't know","df","Diet Survey",5,TRUE,9881,7.5128973846899e-14,0.242083236141983,0.39055958777123,2.73586288612788e-11,1,1
"83","df_weight_change_last_year","factor","xGained weight",-0.00188149830956375,0.998120270598807,0.0459038458799063,-0.0409878142778305,0.967305610496945,1.00188326943813,0.912240713962157,1.09208464315655,"df_weight_change_last_year|Gained weight","HLES_dog_owner","In the past 12 months, has your dog's weight stayed about the same? How has your dog's weight changed in the past 12 months?","0 | 1 | 2 | 3 | 99","Yes | Lost weight | Gained weight | My dog is a puppy who was growing to his/her full size during the past year | Don't know","df","Diet Survey",5,TRUE,9881,7.5128973846899e-14,0.242083236141983,0.39055958777123,2.73586288612788e-11,1,1
"84","df_weight_change_last_year","factor","xLost weight",0.256760393410904,1.29273534174173,0.0335794620193485,7.64635220370592,2.06760859129299e-14,0.773553540087082,1.21039391623108,1.38067834064449,"df_weight_change_last_year|Lost weight","HLES_dog_owner","In the past 12 months, has your dog's weight stayed about the same? How has your dog's weight changed in the past 12 months?","0 | 1 | 2 | 3 | 99","Yes | Lost weight | Gained weight | My dog is a puppy who was growing to his/her full size during the past year | Don't know","df","Diet Survey",5,TRUE,9881,7.5128973846899e-14,0.242083236141983,0.39055958777123,2.73586288612788e-11,1,1
"85","df_weight_change_last_year","factor","xMy dog is a puppy who was growing to his/her full size during the past year",0.332444322460799,1.39437226180734,0.128584512238288,2.58541496696528,0.00972618604489206,0.717168597935124,1.08374573045769,1.79403152405188,"df_weight_change_last_year|My dog is a puppy who was growing to his/her full size during the past year","HLES_dog_owner","In the past 12 months, has your dog's weight stayed about the same? How has your dog's weight changed in the past 12 months?","0 | 1 | 2 | 3 | 99","Yes | Lost weight | Gained weight | My dog is a puppy who was growing to his/her full size during the past year | Don't know","df","Diet Survey",5,TRUE,9881,7.5128973846899e-14,0.242083236141983,0.39055958777123,2.73586288612788e-11,1,1
"86","dt_weight_change","factor","xI don't know",1.47054506655855,4.35160640988437,0.418105446756837,3.51716314141632,0.000436185604169639,0.229800194642735,1.91759816876399,9.87510243543489,"dt_weight_change|I don't know","HLES_dog_owner","In the past 12 months, has your dog's weight stayed about the same?","1 | 0 | 2 | 99","Yes | No | My dog is a puppy who was growing to their full size during the past year | I don't know","dt","Comprehensive Diet Survey",4,TRUE,40307,5.24777592485223e-05,0.724528842219464,0.731285293104786,0.00527174194101754,1,1
"87","dt_weight_change","factor","xMy dog is a puppy who was growing to their full size during the past year",0.750709512347545,2.11850258724739,0.522004074359496,1.43812960323858,0.150397284550416,0.47203152170766,0.761549829215113,5.89331523690245,"dt_weight_change|My dog is a puppy who was growing to their full size during the past year","HLES_dog_owner","In the past 12 months, has your dog's weight stayed about the same?","1 | 0 | 2 | 99","Yes | No | My dog is a puppy who was growing to their full size during the past year | I don't know","dt","Comprehensive Diet Survey",4,TRUE,40307,5.24777592485223e-05,0.724528842219464,0.731285293104786,0.00527174194101754,1,1
"88","dt_weight_change","factor","xNo",0.300340175482521,1.35031807455846,0.105264471662116,2.85319605694285,0.00432819095142632,0.740566255344682,1.09858787179403,1.65972968507441,"dt_weight_change|No","HLES_dog_owner","In the past 12 months, has your dog's weight stayed about the same?","1 | 0 | 2 | 99","Yes | No | My dog is a puppy who was growing to their full size during the past year | I don't know","dt","Comprehensive Diet Survey",4,TRUE,40307,5.24777592485223e-05,0.724528842219464,0.731285293104786,0.00527174194101754,1,1
"89","hs_chronic_condition_present","factor","xNo",-0.308459964006488,0.734577361144923,0.0193168376082571,-15.9684504400779,2.11987116619624e-57,1.36132700637736,0.70728592835436,0.762921864941006,"hs_chronic_condition_present|No","HLES_dog_owner","Does your dog have any ongoing medical conditions?","True | False","Yes | No","hs","Health Status",2,TRUE,0,9.02918606781891e-58,0.00011548851436621,0.144098278383446,2.63042219692538e-54,1,0.0510093095481742
"90","hs_chronic_condition_recently_changed_or_treated","factor","xNo",-0.198553758342476,0.819915692247037,0.0271339255865257,-7.31754635757808,2.52545907454464e-13,1.21963759134726,0.777450521223689,0.864700355895078,"hs_chronic_condition_recently_changed_or_treated|No","HLES_dog_owner","In the past three months, has your dog had any changes to the status of, or medications for, these conditions?","True | False","Yes | No","hs","Health Status",2,TRUE,33557,2.32063772543477e-13,3.7055557458615e-06,0.177696719507243,7.51175987410469e-11,1,0.00392803404479091
"91","hs_congenital_condition_present","factor","xNo",-0.172285352297126,0.841738946753514,0.0415646437990791,-4.1449976843286,3.39817144224199e-05,1.18801678817035,0.775885316936474,0.913181934257077,"hs_congenital_condition_present|No","HLES_dog_owner","Was your dog born with a congenital disorder (defect present at birth)?","True | False","Yes | No","hs","Health Status",2,TRUE,0,3.32414215162946e-05,0.0686780920792446,0.427359819074269,0.00352146804241485,1,1
"92","hs_general_health","factor","xFair",0.859081288599059,2.36099062801891,0.036441565184251,23.5742148904825,7.08816393542119e-123,0.423551024782802,2.19824020466529,2.5357905536269,"hs_general_health|Fair","HLES_dog_owner","Would you say that in general your dog's health is:","1 | 2 | 3 | 4 | 5 | 6"," Excellent |  Very good |  Good |  Fair |  Poor |  Very poor","hs","Health Status",6,TRUE,0,3.59258405280488e-208,7.53889629185953e-23,0.762204016386391,2.09321477392056e-204,1,1.99788124410523e-19
"93","hs_general_health","factor","xGood",0.427289340761532,1.53309618477388,0.0279775719042333,15.2725669770106,1.16495449292317e-52,0.65227479523569,1.45129216439465,1.61951119797342,"hs_general_health|Good","HLES_dog_owner","Would you say that in general your dog's health is:","1 | 2 | 3 | 4 | 5 | 6"," Excellent |  Very good |  Good |  Fair |  Poor |  Very poor","hs","Health Status",6,TRUE,0,3.59258405280488e-208,7.53889629185953e-23,0.762204016386391,2.09321477392056e-204,1,1.99788124410523e-19
"94","hs_general_health","factor","xPoor",1.26431135854541,3.54065365549585,0.0696211131627631,18.1598842809315,1.07250520557045e-73,0.282433724758079,3.08902801811809,4.05830838524201,"hs_general_health|Poor","HLES_dog_owner","Would you say that in general your dog's health is:","1 | 2 | 3 | 4 | 5 | 6"," Excellent |  Very good |  Good |  Fair |  Poor |  Very poor","hs","Health Status",6,TRUE,0,3.59258405280488e-208,7.53889629185953e-23,0.762204016386391,2.09321477392056e-204,1,1.99788124410523e-19
"95","hs_general_health","factor","xVery good",0.16823216708904,1.18321128148075,0.0245921235626563,6.84089630000494,7.86992124544978e-12,0.845157594126832,1.12753348522694,1.24163845683177,"hs_general_health|Very good","HLES_dog_owner","Would you say that in general your dog's health is:","1 | 2 | 3 | 4 | 5 | 6"," Excellent |  Very good |  Good |  Fair |  Poor |  Very poor","hs","Health Status",6,TRUE,0,3.59258405280488e-208,7.53889629185953e-23,0.762204016386391,2.09321477392056e-204,1,1.99788124410523e-19
"96","hs_general_health","factor","xVery poor",1.58214725614003,4.86539184532203,0.159809974282744,9.90017840401388,4.15533118692883e-23,0.205533291416493,3.5570283465903,6.65500398140422,"hs_general_health|Very poor","HLES_dog_owner","Would you say that in general your dog's health is:","1 | 2 | 3 | 4 | 5 | 6"," Excellent |  Very good |  Good |  Fair |  Poor |  Very poor","hs","Health Status",6,TRUE,0,3.59258405280488e-208,7.53889629185953e-23,0.762204016386391,2.09321477392056e-204,1,1.99788124410523e-19
"97","hs_health_conditions_cancer","factor","xBoth congenital and non-congenital disorder(s)",NA,NA,0,NA,NA,NA,NA,NA,"hs_health_conditions_cancer|Both congenital and non-congenital disorder(s)","HLES_dog_owner","Cancer or Tumors","0 | 1 | 2 | 3"," No disorder(s)  |  Only congenital disorder(s)  |  Only non-congenital disorder(s)  |  Both congenital and non-congenital disorder(s)","hs","Health Status",4,TRUE,0,9.92018018284992e-20,2.89791817363424e-07,0.931536010188264,4.81665086872574e-17,1,0.000383988328126176
"98","hs_health_conditions_cancer","factor","xOnly congenital disorder(s)",NA,NA,0,NA,NA,NA,NA,NA,"hs_health_conditions_cancer|Only congenital disorder(s)","HLES_dog_owner","Cancer or Tumors","0 | 1 | 2 | 3"," No disorder(s)  |  Only congenital disorder(s)  |  Only non-congenital disorder(s)  |  Both congenital and non-congenital disorder(s)","hs","Health Status",4,TRUE,0,9.92018018284992e-20,2.89791817363424e-07,0.931536010188264,4.81665086872574e-17,1,0.000383988328126176
"99","hs_health_conditions_cancer","factor","xOnly non-congenital disorder(s)",0.244440356296414,1.27690650052025,0.0269552294833697,9.06838342620023,1.20795816415355e-19,0.783142696503284,1.21119694004387,1.34618092001769,"hs_health_conditions_cancer|Only non-congenital disorder(s)","HLES_dog_owner","Cancer or Tumors","0 | 1 | 2 | 3"," No disorder(s)  |  Only congenital disorder(s)  |  Only non-congenital disorder(s)  |  Both congenital and non-congenital disorder(s)","hs","Health Status",4,TRUE,0,9.92018018284992e-20,2.89791817363424e-07,0.931536010188264,4.81665086872574e-17,1,0.000383988328126176
"100","hs_health_conditions_cardiac","factor","xBoth congenital and non-congenital disorder(s)",0.278624575749435,1.32131119847641,0.0968870734991881,2.87576624710179,0.00403048069073765,0.756823979962548,1.09278490994497,1.59762755445358,"hs_health_conditions_cardiac|Both congenital and non-congenital disorder(s)","HLES_dog_owner","Cardiac disorders","0 | 1 | 2 | 3"," No disorder(s)  |  Only congenital disorder(s)  |  Only non-congenital disorder(s)  |  Both congenital and non-congenital disorder(s)","hs","Health Status",4,TRUE,0,2.69149994675202e-17,0.00104631372767624,0.929289220177391,1.12014228869789e-14,1,0.308092633640903
"101","hs_health_conditions_cardiac","factor","xOnly congenital disorder(s)",0.150038684188103,1.16187918821201,0.177917667497781,0.843304019765064,0.399058435248236,0.860674681279798,0.819817490284259,1.64666314636946,"hs_health_conditions_cardiac|Only congenital disorder(s)","HLES_dog_owner","Cardiac disorders","0 | 1 | 2 | 3"," No disorder(s)  |  Only congenital disorder(s)  |  Only non-congenital disorder(s)  |  Both congenital and non-congenital disorder(s)","hs","Health Status",4,TRUE,0,2.69149994675202e-17,0.00104631372767624,0.929289220177391,1.12014228869789e-14,1,0.308092633640903
"102","hs_health_conditions_cardiac","factor","xOnly non-congenital disorder(s)",0.264350187164978,1.30258426473239,0.0308903794735905,8.55768662184878,1.15154875387456e-17,0.767704652263281,1.22606046586653,1.38388424875053,"hs_health_conditions_cardiac|Only non-congenital disorder(s)","HLES_dog_owner","Cardiac disorders","0 | 1 | 2 | 3"," No disorder(s)  |  Only congenital disorder(s)  |  Only non-congenital disorder(s)  |  Both congenital and non-congenital disorder(s)","hs","Health Status",4,TRUE,0,2.69149994675202e-17,0.00104631372767624,0.929289220177391,1.12014228869789e-14,1,0.308092633640903
"103","hs_health_conditions_endocrine","factor","xBoth congenital and non-congenital disorder(s)",0.631385459772712,1.88021373605885,0.244323341935057,2.58422079025318,0.00975992926580232,0.531854427410003,1.16476635003986,3.03511832492705,"hs_health_conditions_endocrine|Both congenital and non-congenital disorder(s)","HLES_dog_owner","Endocrine disorders","0 | 1 | 2 | 3"," No disorder(s)  |  Only congenital disorder(s)  |  Only non-congenital disorder(s)  |  Both congenital and non-congenital disorder(s)","hs","Health Status",4,TRUE,0,8.88784343018978e-14,6.08195970895863e-05,0.843198723379378,3.04617133892492e-11,1,0.0322355760300159
"104","hs_health_conditions_endocrine","factor","xOnly congenital disorder(s)",-0.0890799699506243,0.914772416344333,0.70783793820585,-0.125847973303627,0.899852266415584,1.09316807342777,0.228454814691067,3.66290627245498,"hs_health_conditions_endocrine|Only congenital disorder(s)","HLES_dog_owner","Endocrine disorders","0 | 1 | 2 | 3"," No disorder(s)  |  Only congenital disorder(s)  |  Only non-congenital disorder(s)  |  Both congenital and non-congenital disorder(s)","hs","Health Status",4,TRUE,0,8.88784343018978e-14,6.08195970895863e-05,0.843198723379378,3.04617133892492e-11,1,0.0322355760300159
"105","hs_health_conditions_endocrine","factor","xOnly non-congenital disorder(s)",0.274043332020843,1.31527179438873,0.0362925947972984,7.55094347900534,4.32116353534168e-14,0.760299129249363,1.22496362945197,1.41223776079663,"hs_health_conditions_endocrine|Only non-congenital disorder(s)","HLES_dog_owner","Endocrine disorders","0 | 1 | 2 | 3"," No disorder(s)  |  Only congenital disorder(s)  |  Only non-congenital disorder(s)  |  Both congenital and non-congenital disorder(s)","hs","Health Status",4,TRUE,0,8.88784343018978e-14,6.08195970895863e-05,0.843198723379378,3.04617133892492e-11,1,0.0322355760300159
"106","hs_health_conditions_kidney","factor","xBoth congenital and non-congenital disorder(s)",0.578408890685563,1.78319890796159,0.278414817623919,2.07750756810248,0.0377547374661459,0.560789935175049,1.03326725642206,3.07742099209283,"hs_health_conditions_kidney|Both congenital and non-congenital disorder(s)","HLES_dog_owner","Kidney or urinary disorders","0 | 1 | 2 | 3"," No disorder(s)  |  Only congenital disorder(s)  |  Only non-congenital disorder(s)  |  Both congenital and non-congenital disorder(s)","hs","Health Status",4,TRUE,0,1.91953783170419e-09,0.227319955563191,0.726750570100473,4.1422829891354e-07,1,1
"107","hs_health_conditions_kidney","factor","xOnly congenital disorder(s)",0.403742595737067,1.49741845545286,0.409934480203636,0.984895428987839,0.324675438892887,0.667815997831797,0.670511636479084,3.34410606578753,"hs_health_conditions_kidney|Only congenital disorder(s)","HLES_dog_owner","Kidney or urinary disorders","0 | 1 | 2 | 3"," No disorder(s)  |  Only congenital disorder(s)  |  Only non-congenital disorder(s)  |  Both congenital and non-congenital disorder(s)","hs","Health Status",4,TRUE,0,1.91953783170419e-09,0.227319955563191,0.726750570100473,4.1422829891354e-07,1,1
"108","hs_health_conditions_kidney","factor","xOnly non-congenital disorder(s)",0.173031279936398,1.1889032933218,0.0278929697763302,6.20340111949039,5.52557632976198e-10,0.841111304525023,1.12565159523638,1.25570917933502,"hs_health_conditions_kidney|Only non-congenital disorder(s)","HLES_dog_owner","Kidney or urinary disorders","0 | 1 | 2 | 3"," No disorder(s)  |  Only congenital disorder(s)  |  Only non-congenital disorder(s)  |  Both congenital and non-congenital disorder(s)","hs","Health Status",4,TRUE,0,1.91953783170419e-09,0.227319955563191,0.726750570100473,4.1422829891354e-07,1,1
"109","hs_health_conditions_liver","factor","xBoth congenital and non-congenital disorder(s)",-0.0239397000971024,0.976344581466369,0.409187409801291,-0.0585054660130622,0.953346008705828,1.02422855514608,0.43782662240231,2.17722882297189,"hs_health_conditions_liver|Both congenital and non-congenital disorder(s)","HLES_dog_owner","Liver or pancreas disorders","0 | 1 | 2 | 3"," No disorder(s)  |  Only congenital disorder(s)  |  Only non-congenital disorder(s)  |  Both congenital and non-congenital disorder(s)","hs","Health Status",4,TRUE,0,1.23698321646386e-05,0.04434557194497,0.679162394864878,0.00141318976881921,1,1
"110","hs_health_conditions_liver","factor","xOnly congenital disorder(s)",0.940881059434701,2.56223790801534,0.409816700782673,2.29585826453093,0.0216839867376962,0.390283820589705,1.14757966529638,5.72079071789351,"hs_health_conditions_liver|Only congenital disorder(s)","HLES_dog_owner","Liver or pancreas disorders","0 | 1 | 2 | 3"," No disorder(s)  |  Only congenital disorder(s)  |  Only non-congenital disorder(s)  |  Both congenital and non-congenital disorder(s)","hs","Health Status",4,TRUE,0,1.23698321646386e-05,0.04434557194497,0.679162394864878,0.00141318976881921,1,1
"111","hs_health_conditions_liver","factor","xOnly non-congenital disorder(s)",0.162983777909749,1.17701759584793,0.0365335456735458,4.46120886721836,8.14986090492813e-06,0.849604970671313,1.09568456797715,1.26438800127788,"hs_health_conditions_liver|Only non-congenital disorder(s)","HLES_dog_owner","Liver or pancreas disorders","0 | 1 | 2 | 3"," No disorder(s)  |  Only congenital disorder(s)  |  Only non-congenital disorder(s)  |  Both congenital and non-congenital disorder(s)","hs","Health Status",4,TRUE,0,1.23698321646386e-05,0.04434557194497,0.679162394864878,0.00141318976881921,1,1
"112","hs_health_conditions_neurological","factor","xBoth congenital and non-congenital disorder(s)",0.820773576000743,2.27225692124769,0.230576250086466,3.55966226223627,0.000371332041206175,0.440091078895649,1.44607419096398,3.57046100982977,"hs_health_conditions_neurological|Both congenital and non-congenital disorder(s)","HLES_dog_owner","Neurologic disorders","0 | 1 | 2 | 3"," No disorder(s)  |  Only congenital disorder(s)  |  Only non-congenital disorder(s)  |  Both congenital and non-congenital disorder(s)","hs","Health Status",4,TRUE,0,6.67206574557376e-13,0.00514225034609688,0.485690568811978,2.04603740810263e-10,1,0.778712360250852
"113","hs_health_conditions_neurological","factor","xOnly congenital disorder(s)",0.187050984753031,1.20568875522631,0.502322657052513,0.372372183748576,0.70961576136832,0.829401448479379,0.450461200216478,3.22710451817064,"hs_health_conditions_neurological|Only congenital disorder(s)","HLES_dog_owner","Neurologic disorders","0 | 1 | 2 | 3"," No disorder(s)  |  Only congenital disorder(s)  |  Only non-congenital disorder(s)  |  Both congenital and non-congenital disorder(s)","hs","Health Status",4,TRUE,0,6.67206574557376e-13,0.00514225034609688,0.485690568811978,2.04603740810263e-10,1,0.778712360250852
"114","hs_health_conditions_neurological","factor","xOnly non-congenital disorder(s)",0.214026061084658,1.23865493506395,0.0313417655592929,6.82878125291826,8.56390393077073e-12,0.807327344922236,1.16485583126927,1.31712955970394,"hs_health_conditions_neurological|Only non-congenital disorder(s)","HLES_dog_owner","Neurologic disorders","0 | 1 | 2 | 3"," No disorder(s)  |  Only congenital disorder(s)  |  Only non-congenital disorder(s)  |  Both congenital and non-congenital disorder(s)","hs","Health Status",4,TRUE,0,6.67206574557376e-13,0.00514225034609688,0.485690568811978,2.04603740810263e-10,1,0.778712360250852
"115","hs_health_conditions_orthopedic","factor","xBoth congenital and non-congenital disorder(s)",0.277174990932289,1.31939723338689,0.107756319359749,2.57223884946301,0.0101043154952709,0.757921856053163,1.06820159905072,1.62966340905686,"hs_health_conditions_orthopedic|Both congenital and non-congenital disorder(s)","HLES_dog_owner","Orthopedic disorders","0 | 1 | 2 | 3"," No disorder(s)  |  Only congenital disorder(s)  |  Only non-congenital disorder(s)  |  Both congenital and non-congenital disorder(s)","hs","Health Status",4,TRUE,0,2.2726976975256e-07,0.993711696449626,0.608114488236387,4.01268053873844e-05,1,1
"116","hs_health_conditions_orthopedic","factor","xOnly congenital disorder(s)",0.0975443176854878,1.10246029896949,0.193602103452016,0.503839141962958,0.614374419431618,0.907062141770311,0.754342452980534,1.6112293640661,"hs_health_conditions_orthopedic|Only congenital disorder(s)","HLES_dog_owner","Orthopedic disorders","0 | 1 | 2 | 3"," No disorder(s)  |  Only congenital disorder(s)  |  Only non-congenital disorder(s)  |  Both congenital and non-congenital disorder(s)","hs","Health Status",4,TRUE,0,2.2726976975256e-07,0.993711696449626,0.608114488236387,4.01268053873844e-05,1,1
"117","hs_health_conditions_orthopedic","factor","xOnly non-congenital disorder(s)",0.108165310470128,1.11423192436594,0.0202496846872337,5.34157998708592,9.21399433854633e-08,0.897479221454776,1.07087562804994,1.15934357712204,"hs_health_conditions_orthopedic|Only non-congenital disorder(s)","HLES_dog_owner","Orthopedic disorders","0 | 1 | 2 | 3"," No disorder(s)  |  Only congenital disorder(s)  |  Only non-congenital disorder(s)  |  Both congenital and non-congenital disorder(s)","hs","Health Status",4,TRUE,0,2.2726976975256e-07,0.993711696449626,0.608114488236387,4.01268053873844e-05,1,1
"118","hs_new_condition_diagnosed_recently","factor","xNo",-0.21221121421973,0.808793850762387,0.0234941111808127,-9.03252787843447,1.67751066648946e-19,1.23640900466464,0.77239529026278,0.84690766667997,"hs_new_condition_diagnosed_recently|No","HLES_dog_owner","In the past three months, has your dog been diagnosed with any new conditions?","True | False","Yes | No","hs","Health Status",2,TRUE,0,1.44445940534014e-19,0.000160159331123319,0.750939390140257,6.47394256772634e-17,1,0.0606339843264835
"119","hs_recent_hospitalization","factor","xNo",-0.233333948069352,0.791889079533892,0.0610383402897704,-3.82274398290703,0.000131974786716991,1.26280311958412,0.702600451376387,0.892524781412502,"hs_recent_hospitalization|No","HLES_dog_owner","In the past three months, has your dog been hospitalized for more than 24 hours?","True | False","Yes | No","hs","Health Status",2,TRUE,0,0.000127455697631691,0.00138441314575839,0.966937626856501,0.0123769848008015,1,0.333530020470455
"120","hs_vet_frequency","factor","xAbout Once Per Year",-0.0790670500697525,0.923977969580761,0.23110078979005,-0.342132323050835,0.732251313357685,1.08227688637829,0.587419375920379,1.45336589712067,"hs_vet_frequency|About Once Per Year","HLES_dog_owner","How often is your dog seen by a veterinarian?","0 | 1 | 2 | 3"," Never  |  Less than Once Per Year  |  About Once Per Year  |  More than Once Per Year","hs","Health Status",4,TRUE,0,1.13731166657106e-05,0.181959593382059,0.056108896170124,0.00132530654705774,1,1
"121","hs_vet_frequency","factor","xLess than Once Per Year",-0.0807585657942138,0.922416367425801,0.237268458468558,-0.340367895149095,0.733579492870345,1.08410912394227,0.579380297598681,1.4685552104921,"hs_vet_frequency|Less than Once Per Year","HLES_dog_owner","How often is your dog seen by a veterinarian?","0 | 1 | 2 | 3"," Never  |  Less than Once Per Year  |  About Once Per Year  |  More than Once Per Year","hs","Health Status",4,TRUE,0,1.13731166657106e-05,0.181959593382059,0.056108896170124,0.00132530654705774,1,1
"122","hs_vet_frequency","factor","xMore than Once Per Year",0.0166153857956769,1.01675418900895,0.230929991060276,0.0719498828168232,0.942641792137392,0.983521888387516,0.646618321061575,1.59876243402761,"hs_vet_frequency|More than Once Per Year","HLES_dog_owner","How often is your dog seen by a veterinarian?","0 | 1 | 2 | 3"," Never  |  Less than Once Per Year  |  About Once Per Year  |  More than Once Per Year","hs","Health Status",4,TRUE,0,1.13731166657106e-05,0.181959593382059,0.056108896170124,0.00132530654705774,1,1
"123","mp_recent_non_prescription_meds_eye_lubricant","factor","xNo",-0.124532600578185,0.882909477537754,0.0351686506407572,-3.541011619987,0.000398596023441539,1.13261894389081,0.824101242738676,0.945914294383826,"mp_recent_non_prescription_meds_eye_lubricant|No","HLES_dog_owner","Given in past year: Eye lubricants","True | False","Yes | No","mp","Medicines and Preventatives",2,TRUE,0,0.000395271177885337,0.606512316337924,0.00671834498592094,0.0324372219719955,1,1
"124","mp_recent_non_prescription_meds_upset_stomach","factor","xNo",-0.116767516321853,0.88979203124345,0.0239927868880176,-4.86677587171706,1.13433545073625e-06,1.12385812064707,0.848918141804088,0.932633925317924,"mp_recent_non_prescription_meds_upset_stomach|No","HLES_dog_owner","Given in past year: Medications for stomach or GI upset (such as Pepcid)","True | False","Yes | No","mp","Medicines and Preventatives",2,TRUE,0,1.11897976875154e-06,0.0523348485578917,0.519893536490242,0.000168938611004834,1,1
"125","od_max_education","factor","xAssociate degree",-0.177779674295737,0.837126843733165,1.00351509426059,-0.177156950914354,0.85938510894069,1.19456209950275,0.117110995197898,5.98390741462362,"od_max_education|Associate degree","HLES_dog_owner","What is the highest degree or level of school you have completed? If currently enrolled, please indicate the highest degree received.","0 | 1 | 2 | 3 | 4 | 5 | 6 | 7 | 8 | 9 | 10 | 11","No schooling completed | Nursery school to 8th grade | Some high school, no diploma | High school graduate | High school equivalent degree (such as GED) | Some college credit, no degree | Trade, technical, or vocational training | Associate degree | Bachelor's degree | Master's degree | Professional degree (such as DVM, MD, DDS, or JD) | Doctorate degree (such as PhD, DrPH, or DPhil)","od","Owner Demographics",12,TRUE,0,0.000262694617475388,0.0214886915419778,0.56967336421989,0.0218655289518092,1,1
"126","od_max_education","factor","xBachelor's degree",-0.253077596928933,0.7764076326383,1.00297507812049,-0.252326904675623,0.800788393860251,1.28798321649919,0.108731620799756,5.54400649585795,"od_max_education|Bachelor's degree","HLES_dog_owner","What is the highest degree or level of school you have completed? If currently enrolled, please indicate the highest degree received.","0 | 1 | 2 | 3 | 4 | 5 | 6 | 7 | 8 | 9 | 10 | 11","No schooling completed | Nursery school to 8th grade | Some high school, no diploma | High school graduate | High school equivalent degree (such as GED) | Some college credit, no degree | Trade, technical, or vocational training | Associate degree | Bachelor's degree | Master's degree | Professional degree (such as DVM, MD, DDS, or JD) | Doctorate degree (such as PhD, DrPH, or DPhil)","od","Owner Demographics",12,TRUE,0,0.000262694617475388,0.0214886915419778,0.56967336421989,0.0218655289518092,1,1
"127","od_max_education","factor","xDoctorate degree (such as PhD, DrPH, or DPhil)",-0.300623085460284,0.740356771395797,1.00339965208009,-0.299604534282107,0.764478825121343,1.35070014705842,0.103596652066714,5.29098323176144,"od_max_education|Doctorate degree (such as PhD, DrPH, or DPhil)","HLES_dog_owner","What is the highest degree or level of school you have completed? If currently enrolled, please indicate the highest degree received.","0 | 1 | 2 | 3 | 4 | 5 | 6 | 7 | 8 | 9 | 10 | 11","No schooling completed | Nursery school to 8th grade | Some high school, no diploma | High school graduate | High school equivalent degree (such as GED) | Some college credit, no degree | Trade, technical, or vocational training | Associate degree | Bachelor's degree | Master's degree | Professional degree (such as DVM, MD, DDS, or JD) | Doctorate degree (such as PhD, DrPH, or DPhil)","od","Owner Demographics",12,TRUE,0,0.000262694617475388,0.0214886915419778,0.56967336421989,0.0218655289518092,1,1
"128","od_max_education","factor","xHigh school equivalent degree (such as GED)",0.00834843305087795,1.00838337839668,1.01572578606991,0.00821917998476743,0.993442117023987,0.991686318342523,0.137733099819059,7.38266283966986,"od_max_education|High school equivalent degree (such as GED)","HLES_dog_owner","What is the highest degree or level of school you have completed? If currently enrolled, please indicate the highest degree received.","0 | 1 | 2 | 3 | 4 | 5 | 6 | 7 | 8 | 9 | 10 | 11","No schooling completed | Nursery school to 8th grade | Some high school, no diploma | High school graduate | High school equivalent degree (such as GED) | Some college credit, no degree | Trade, technical, or vocational training | Associate degree | Bachelor's degree | Master's degree | Professional degree (such as DVM, MD, DDS, or JD) | Doctorate degree (such as PhD, DrPH, or DPhil)","od","Owner Demographics",12,TRUE,0,0.000262694617475388,0.0214886915419778,0.56967336421989,0.0218655289518092,1,1
"129","od_max_education","factor","xHigh school graduate",-0.179305631036703,0.835850398530696,1.00504437929333,-0.178405685093007,0.85840438487043,1.19638634109388,0.116582463250519,5.99271853797285,"od_max_education|High school graduate","HLES_dog_owner","What is the highest degree or level of school you have completed? If currently enrolled, please indicate the highest degree received.","0 | 1 | 2 | 3 | 4 | 5 | 6 | 7 | 8 | 9 | 10 | 11","No schooling completed | Nursery school to 8th grade | Some high school, no diploma | High school graduate | High school equivalent degree (such as GED) | Some college credit, no degree | Trade, technical, or vocational training | Associate degree | Bachelor's degree | Master's degree | Professional degree (such as DVM, MD, DDS, or JD) | Doctorate degree (such as PhD, DrPH, or DPhil)","od","Owner Demographics",12,TRUE,0,0.000262694617475388,0.0214886915419778,0.56967336421989,0.0218655289518092,1,1
"130","od_max_education","factor","xMaster's degree",-0.282301955526882,0.75404596180806,1.00299228114369,-0.281459748827757,0.778357796460139,1.32617910664515,0.105596431241754,5.38451258089692,"od_max_education|Master's degree","HLES_dog_owner","What is the highest degree or level of school you have completed? If currently enrolled, please indicate the highest degree received.","0 | 1 | 2 | 3 | 4 | 5 | 6 | 7 | 8 | 9 | 10 | 11","No schooling completed | Nursery school to 8th grade | Some high school, no diploma | High school graduate | High school equivalent degree (such as GED) | Some college credit, no degree | Trade, technical, or vocational training | Associate degree | Bachelor's degree | Master's degree | Professional degree (such as DVM, MD, DDS, or JD) | Doctorate degree (such as PhD, DrPH, or DPhil)","od","Owner Demographics",12,TRUE,0,0.000262694617475388,0.0214886915419778,0.56967336421989,0.0218655289518092,1,1
"131","od_max_education","factor","xNursery school to 8th grade",1.28814640250243,3.62605906863671,1.42114994423484,0.906411323962003,0.364718181292394,0.275781497507698,0.223743201906622,58.7651569173927,"od_max_education|Nursery school to 8th grade","HLES_dog_owner","What is the highest degree or level of school you have completed? If currently enrolled, please indicate the highest degree received.","0 | 1 | 2 | 3 | 4 | 5 | 6 | 7 | 8 | 9 | 10 | 11","No schooling completed | Nursery school to 8th grade | Some high school, no diploma | High school graduate | High school equivalent degree (such as GED) | Some college credit, no degree | Trade, technical, or vocational training | Associate degree | Bachelor's degree | Master's degree | Professional degree (such as DVM, MD, DDS, or JD) | Doctorate degree (such as PhD, DrPH, or DPhil)","od","Owner Demographics",12,TRUE,0,0.000262694617475388,0.0214886915419778,0.56967336421989,0.0218655289518092,1,1
"132","od_max_education","factor","xProfessional degree (such as DVM, MD, DDS, or JD)",-0.311202344255982,0.732565630424085,1.00336073130343,-0.310159979902453,0.756439302222862,1.365065406387,0.102514273021008,5.23490424371114,"od_max_education|Professional degree (such as DVM, MD, DDS, or JD)","HLES_dog_owner","What is the highest degree or level of school you have completed? If currently enrolled, please indicate the highest degree received.","0 | 1 | 2 | 3 | 4 | 5 | 6 | 7 | 8 | 9 | 10 | 11","No schooling completed | Nursery school to 8th grade | Some high school, no diploma | High school graduate | High school equivalent degree (such as GED) | Some college credit, no degree | Trade, technical, or vocational training | Associate degree | Bachelor's degree | Master's degree | Professional degree (such as DVM, MD, DDS, or JD) | Doctorate degree (such as PhD, DrPH, or DPhil)","od","Owner Demographics",12,TRUE,0,0.000262694617475388,0.0214886915419778,0.56967336421989,0.0218655289518092,1,1
"133","od_max_education","factor","xSome college credit, no degree",-0.155589074829135,0.855910833422049,1.00329951151966,-0.155077395177309,0.876760302617741,1.16834600165284,0.119789411368312,6.11559357710489,"od_max_education|Some college credit, no degree","HLES_dog_owner","What is the highest degree or level of school you have completed? If currently enrolled, please indicate the highest degree received.","0 | 1 | 2 | 3 | 4 | 5 | 6 | 7 | 8 | 9 | 10 | 11","No schooling completed | Nursery school to 8th grade | Some high school, no diploma | High school graduate | High school equivalent degree (such as GED) | Some college credit, no degree | Trade, technical, or vocational training | Associate degree | Bachelor's degree | Master's degree | Professional degree (such as DVM, MD, DDS, or JD) | Doctorate degree (such as PhD, DrPH, or DPhil)","od","Owner Demographics",12,TRUE,0,0.000262694617475388,0.0214886915419778,0.56967336421989,0.0218655289518092,1,1
"134","od_max_education","factor","xSome high school, no diploma",0.193953846351575,1.21404024927632,1.03203722620023,0.187932994496406,0.850929177675041,0.823695919963188,0.16060586678725,9.17708522326487,"od_max_education|Some high school, no diploma","HLES_dog_owner","What is the highest degree or level of school you have completed? If currently enrolled, please indicate the highest degree received.","0 | 1 | 2 | 3 | 4 | 5 | 6 | 7 | 8 | 9 | 10 | 11","No schooling completed | Nursery school to 8th grade | Some high school, no diploma | High school graduate | High school equivalent degree (such as GED) | Some college credit, no degree | Trade, technical, or vocational training | Associate degree | Bachelor's degree | Master's degree | Professional degree (such as DVM, MD, DDS, or JD) | Doctorate degree (such as PhD, DrPH, or DPhil)","od","Owner Demographics",12,TRUE,0,0.000262694617475388,0.0214886915419778,0.56967336421989,0.0218655289518092,1,1
"135","od_max_education","factor","xTrade, technical, or vocational training",-0.170660941908394,0.84310738739691,1.00447480998638,-0.169900668699405,0.865088255221644,1.18608852792465,0.117725999488681,6.03800409230407,"od_max_education|Trade, technical, or vocational training","HLES_dog_owner","What is the highest degree or level of school you have completed? If currently enrolled, please indicate the highest degree received.","0 | 1 | 2 | 3 | 4 | 5 | 6 | 7 | 8 | 9 | 10 | 11","No schooling completed | Nursery school to 8th grade | Some high school, no diploma | High school graduate | High school equivalent degree (such as GED) | Some college credit, no degree | Trade, technical, or vocational training | Associate degree | Bachelor's degree | Master's degree | Professional degree (such as DVM, MD, DDS, or JD) | Doctorate degree (such as PhD, DrPH, or DPhil)","od","Owner Demographics",12,TRUE,0,0.000262694617475388,0.0214886915419778,0.56967336421989,0.0218655289518092,1,1
"136","pa_activity_level","factor","xModerately active",-0.256766460692336,0.77354884673429,0.0222176150859453,-11.5568867179972,6.81344427452329e-31,1.29274318515466,0.740586983639439,0.807977768314754,"pa_activity_level|Moderately active","HLES_dog_owner","Please choose the best description of your dog's lifestyle over the past year:","1 | 2 | 3"," Not active  |  Moderately active  |  Very Active","pa","Physical Activity",3,TRUE,0,1.27361930432001e-44,0.05646396580065,0.842997165747787,1.85518188646947e-41,1,1
"137","pa_activity_level","factor","xVery Active",-0.470191257197355,0.624882743530877,0.0374760637017887,-12.5464419352802,4.15776396824036e-36,1.60030023288775,0.580629167206358,0.672509176625463,"pa_activity_level|Very Active","HLES_dog_owner","Please choose the best description of your dog's lifestyle over the past year:","1 | 2 | 3"," Not active  |  Moderately active  |  Very Active","pa","Physical Activity",3,TRUE,0,1.27361930432001e-44,0.05646396580065,0.842997165747787,1.85518188646947e-41,1,1
"138","pa_avg_activity_intensity","factor","xModerate (jogging)",-0.184335450301338,0.831656777512931,0.023187212317278,-7.94987546493377,1.86699100484488e-15,1.20241910730349,0.794707186258963,0.87032432516322,"pa_avg_activity_intensity|Moderate (jogging)","HLES_dog_owner","Over the past year, when your dog is being active what is the average intensity level of that activity?","1 | 2 | 3"," Low (walking)  |  Moderate (jogging)  |  Vigorous (sprinting)","pa","Physical Activity",3,TRUE,0,1.89030880086522e-20,0.483334608729023,0.942929436633949,1.00126013402877e-17,1,1
"139","pa_avg_activity_intensity","factor","xVigorous (sprinting)",-0.241433221748007,0.78550125643846,0.0359592963082152,-6.71406969921293,1.89269829332513e-11,1.27307243852683,0.732045837517799,0.8428600946063,"pa_avg_activity_intensity|Vigorous (sprinting)","HLES_dog_owner","Over the past year, when your dog is being active what is the average intensity level of that activity?","1 | 2 | 3"," Low (walking)  |  Moderate (jogging)  |  Vigorous (sprinting)","pa","Physical Activity",3,TRUE,0,1.89030880086522e-20,0.483334608729023,0.942929436633949,1.00126013402877e-17,1,1
"140","pa_avg_daily_active_hours","numeric","x",-0.0283347434843792,0.97206292060471,0.00637474697946806,-4.44484205814607,8.79564608956e-06,1.02873999080009,0.959993257507418,0.984284331400376,"pa_avg_daily_active_hours","HLES_dog_owner","Average number of hours active per day:","0 | 1 | 2 | 3 | 4 | 5 | 6 | 7 | 8","0 | 1 | 2 | 3 | 4 | 5 | 6 | 7 | 8+","pa","Physical Activity",9,FALSE,0,8.78845475194514e-06,0.151618554480486,0.975952385590289,0.00104501685355689,1,1
"141","pa_cold_weather_daily_hours_outside","factor","xBetween 3-8 hours",-0.157468549247804,0.854303681679359,0.0394866765476797,-3.98789067643266,6.66633685939166e-05,1.17054394291528,0.790680736216699,0.923046113432673,"pa_cold_weather_daily_hours_outside|Between 3-8 hours","HLES_dog_owner","How much time per day does your dog spend outdoors on average in cold weather (below 40 degrees Fahrenheit)?","1 | 2 | 3 | 4 | 5"," Less than 3 hours  |  Between 3-8 hours  |  Between 8-16 hours  |  More than 16 hours  |  My dog does not spend time in a cold area","pa","Physical Activity",5,TRUE,7951,1.58149194598886e-06,0.293869389731474,0.925574910272305,0.00023036359466633,1,1
"142","pa_cold_weather_daily_hours_outside","factor","xBetween 8-16 hours",0.0184431619494433,1.01861428747383,0.107591130626781,0.171418980746843,0.863894331188746,0.981725872390825,0.824950760117276,1.25774181540036,"pa_cold_weather_daily_hours_outside|Between 8-16 hours","HLES_dog_owner","How much time per day does your dog spend outdoors on average in cold weather (below 40 degrees Fahrenheit)?","1 | 2 | 3 | 4 | 5"," Less than 3 hours  |  Between 3-8 hours  |  Between 8-16 hours  |  More than 16 hours  |  My dog does not spend time in a cold area","pa","Physical Activity",5,TRUE,7951,1.58149194598886e-06,0.293869389731474,0.925574910272305,0.00023036359466633,1,1
"143","pa_cold_weather_daily_hours_outside","factor","xMore than 16 hours",-0.0182898414745762,0.981876402607157,0.191584734510562,-0.0954660689501224,0.923944640190273,1.01845812501932,0.674496345724965,1.4293350528987,"pa_cold_weather_daily_hours_outside|More than 16 hours","HLES_dog_owner","How much time per day does your dog spend outdoors on average in cold weather (below 40 degrees Fahrenheit)?","1 | 2 | 3 | 4 | 5"," Less than 3 hours  |  Between 3-8 hours  |  Between 8-16 hours  |  More than 16 hours  |  My dog does not spend time in a cold area","pa","Physical Activity",5,TRUE,7951,1.58149194598886e-06,0.293869389731474,0.925574910272305,0.00023036359466633,1,1
"144","pa_cold_weather_daily_hours_outside","factor","xMy dog does not spend time in a cold area",0.113559221713289,1.12025823053967,0.0310719090863536,3.65472302965647,0.000257459768662647,0.892651330504634,1.05407056645422,1.19060197963166,"pa_cold_weather_daily_hours_outside|My dog does not spend time in a cold area","HLES_dog_owner","How much time per day does your dog spend outdoors on average in cold weather (below 40 degrees Fahrenheit)?","1 | 2 | 3 | 4 | 5"," Less than 3 hours  |  Between 3-8 hours  |  Between 8-16 hours  |  More than 16 hours  |  My dog does not spend time in a cold area","pa","Physical Activity",5,TRUE,7951,1.58149194598886e-06,0.293869389731474,0.925574910272305,0.00023036359466633,1,1
"145","pa_moderate_weather_outdoor_other_hard_surface","factor","xNo",0.0717313656189059,1.07436669346305,0.0189401967187827,3.78725557521644,0.0001523204034458,0.930780901981114,1.03521513206946,1.11499895651184,"pa_moderate_weather_outdoor_other_hard_surface|No","HLES_dog_owner","Hard surface other than concrete or wood (asphalt, pavement, street):","True | False","Yes | No","pa","Physical Activity",2,TRUE,697,0.000151849813064905,0.00430825037817219,0.906436220695753,0.014221249357977,1,0.71358030176394
"146","pa_moderate_weather_outdoor_sand","factor","xNo",0.131604835054062,1.14065748234328,0.0287855470504832,4.57190668717388,4.83306170317957e-06,0.876687362752991,1.07808487112551,1.20686184072631,"pa_moderate_weather_outdoor_sand|No","HLES_dog_owner","Sand:","True | False","Yes | No","pa","Physical Activity",2,TRUE,697,4.75879463157103e-06,0.40365268842228,0.960018130167678,0.000616156880856412,1,1
"147","pa_off_leash_walk_brisk_pace_pct","numeric","x",-0.219385977117158,0.803011714183771,0.0398857391612759,-5.50036132538706,3.79013744610902e-08,1.24531184581343,0.74262758652001,0.868305762970716,"pa_off_leash_walk_brisk_pace_pct","HLES_dog_owner","What % of the time are your off-leash activities at a brisk pace?","Numeric",NA,"pa","Physical Activity",1,FALSE,29356,3.60991381532573e-08,0.810750330101374,0.293481245996562,6.78487722320402e-06,1,1
"148","pa_off_leash_walk_reasons_activity_and_enjoyment","factor","xNo",0.177383249174903,1.19408863893014,0.0387188596931339,4.58131387599616,4.62063732046231e-06,0.837458767630484,1.10682513540712,1.2882321082251,"pa_off_leash_walk_reasons_activity_and_enjoyment|No","HLES_dog_owner","What is the reason for your activities? General activity and enjoyment","True | False","Yes | No","pa","Physical Activity",2,TRUE,29356,4.4947699296011e-06,0.375444967738036,0.344951308547496,0.000595198247513974,1,1
"149","pa_off_leash_walk_reasons_exercise_for_owner","factor","xNo",0.126288529935306,1.13460948986242,0.0302186979712873,4.17915192955369,2.92598172565234e-05,0.881360511202188,1.06936067537677,1.20383956893898,"pa_off_leash_walk_reasons_exercise_for_owner|No","HLES_dog_owner","What is the reason for your activities? Exercise for you","True | False","Yes | No","pa","Physical Activity",2,TRUE,29356,2.89318336149812e-05,0.065648530882168,0.396626288042283,0.00312168482038808,1,1
"150","pa_off_leash_walk_slow_pace_pct","numeric","x",0.337335636595546,1.40120928193594,0.0360046823405282,9.36921574269323,7.30734573700006e-21,0.713669266177269,1.30573716140556,1.50366207673063,"pa_off_leash_walk_slow_pace_pct","HLES_dog_owner","What % of the time are your off-leash activities slow?","Numeric",NA,"pa","Physical Activity",1,FALSE,29356,5.50143111451523e-21,1.07031850686669e-05,0.0909549614969142,3.5615580185765e-18,1,0.00810413918621205
"151","pa_on_leash_off_leash_walk","factor","xBoth",-0.0601605145041385,0.941613378848714,0.0199367647079915,-3.01756656033682,0.00254813075664822,1.0620070003919,0.9055291089956,0.979135564410883,"pa_on_leash_off_leash_walk|Both","HLES_dog_owner","Over the past year, if your dog leaves the house with you, they are:","1 | 2 | 3 | 0"," On leash  |  Off leash  |  Both  |  My dog doesn't take walks","pa","Physical Activity",4,TRUE,0,2.07790422125083e-05,0.0488769897479888,0.0306848916375194,0.00232824691020761,1,1
"152","pa_on_leash_off_leash_walk","factor","xMy dog doesn't take walks",0.177597787175803,1.19434484380149,0.0523041647403844,3.39548080076075,0.00068508178454638,0.837279120171933,1.07797416663934,1.32327809891986,"pa_on_leash_off_leash_walk|My dog doesn't take walks","HLES_dog_owner","Over the past year, if your dog leaves the house with you, they are:","1 | 2 | 3 | 0"," On leash  |  Off leash  |  Both  |  My dog doesn't take walks","pa","Physical Activity",4,TRUE,0,2.07790422125083e-05,0.0488769897479888,0.0306848916375194,0.00232824691020761,1,1
"153","pa_on_leash_off_leash_walk","factor","xOff leash",-0.0392791363432527,0.961482287035221,0.0464772747565363,-0.845125635033682,0.398040696871337,1.0400607618925,0.877768031775338,1.05318051560015,"pa_on_leash_off_leash_walk|Off leash","HLES_dog_owner","Over the past year, if your dog leaves the house with you, they are:","1 | 2 | 3 | 0"," On leash  |  Off leash  |  Both  |  My dog doesn't take walks","pa","Physical Activity",4,TRUE,0,2.07790422125083e-05,0.0488769897479888,0.0306848916375194,0.00232824691020761,1,1
"154","pa_on_leash_walk_average_pace_pct","numeric","x",-0.123946331402226,0.883427251912343,0.0205826698859074,-6.02187821547342,1.7240460081926e-09,1.13195511892497,0.848497939185705,0.919794466643464,"pa_on_leash_walk_average_pace_pct","HLES_dog_owner","What % of the time are your on-leash activities at an average pace?","Numeric",NA,"pa","Physical Activity",1,FALSE,2615,1.69074622080818e-09,0.000278768863441508,0.842354053299168,3.78888942453009e-07,1,0.0923455937959561
"155","pa_on_leash_walk_avg_hours","numeric","x",-0.0694650049255649,0.932892779465584,0.0138738684331181,-5.00689517566319,5.53150309786998e-07,1.07193454811909,0.90786709033247,0.958608310893078,"pa_on_leash_walk_avg_hours","HLES_dog_owner","Average number of hours of leash-walking:"," 0 | 1 | 2 | 3 | 4 | 5 | 6 | 7 | 8","0 | 1 | 2 | 3 | 4 | 5 | 6 | 7 | 8+","pa","Physical Activity",9,FALSE,2615,5.59400241374849e-07,0.0119526117622675,0.44237150012765,8.80902371023695e-05,1,1
"156","pa_on_leash_walk_brisk_pace_pct","numeric","x",-0.204592475027521,0.814979373192735,0.0285804527143841,-7.15847565719463,8.15790704693076e-13,1.22702491976261,0.770582055848192,0.861934655354175,"pa_on_leash_walk_brisk_pace_pct","HLES_dog_owner","What % of the time are your on-leash activities at a brisk pace?","Numeric",NA,"pa","Physical Activity",1,FALSE,2615,7.57646869590361e-13,0.139022495726188,0.330491927465412,2.20721018288078e-10,1,1
"157","pa_on_leash_walk_frequency","factor","x3-6 times a week",-0.127563755687834,0.880237293911064,0.0417247669930219,-3.05726705937431,0.00223365174000143,1.13605729604662,0.811117140061079,0.955247590420203,"pa_on_leash_walk_frequency|3-6 times a week","HLES_dog_owner","Over the past year, what is the average frequency that your dog is active on a lead/leash?","1 | 2 | 3 | 4 | 5 | 6"," Less than once a month  |  Less than once a week  |  Once or twice a week  |  3-6 times a week  |  Once a day  |  More than once a day","pa","Physical Activity",6,TRUE,2615,0.000483844049364615,0.519945225535582,0.25659282745272,0.0391543267989032,1,1
"158","pa_on_leash_walk_frequency","factor","xLess than once a week",-0.0534206158913549,0.947981192658862,0.0477897746664889,-1.11782523069343,0.263641643416498,1.05487324827114,0.86321900094271,1.04106645086994,"pa_on_leash_walk_frequency|Less than once a week","HLES_dog_owner","Over the past year, what is the average frequency that your dog is active on a lead/leash?","1 | 2 | 3 | 4 | 5 | 6"," Less than once a month  |  Less than once a week  |  Once or twice a week  |  3-6 times a week  |  Once a day  |  More than once a day","pa","Physical Activity",6,TRUE,2615,0.000483844049364615,0.519945225535582,0.25659282745272,0.0391543267989032,1,1
"159","pa_on_leash_walk_frequency","factor","xMore than once a day",-0.147075591964476,0.863228721795078,0.0375382342864197,-3.91802104601611,8.92789129189484e-05,1.15844152859106,0.801997988511565,0.929134283135696,"pa_on_leash_walk_frequency|More than once a day","HLES_dog_owner","Over the past year, what is the average frequency that your dog is active on a lead/leash?","1 | 2 | 3 | 4 | 5 | 6"," Less than once a month  |  Less than once a week  |  Once or twice a week  |  3-6 times a week  |  Once a day  |  More than once a day","pa","Physical Activity",6,TRUE,2615,0.000483844049364615,0.519945225535582,0.25659282745272,0.0391543267989032,1,1
"160","pa_on_leash_walk_frequency","factor","xOnce a day",-0.145369509971014,0.864702717795057,0.0403697676265843,-3.6009498819925,0.000317056696552118,1.15646681734729,0.798921328446715,0.935900399124251,"pa_on_leash_walk_frequency|Once a day","HLES_dog_owner","Over the past year, what is the average frequency that your dog is active on a lead/leash?","1 | 2 | 3 | 4 | 5 | 6"," Less than once a month  |  Less than once a week  |  Once or twice a week  |  3-6 times a week  |  Once a day  |  More than once a day","pa","Physical Activity",6,TRUE,2615,0.000483844049364615,0.519945225535582,0.25659282745272,0.0391543267989032,1,1
"161","pa_on_leash_walk_frequency","factor","xOnce or twice a week",-0.0830461139624275,0.920308707160449,0.0444012438580399,-1.87035557445065,0.0614344568492388,1.08659191445166,0.843604958344899,1.00398665050172,"pa_on_leash_walk_frequency|Once or twice a week","HLES_dog_owner","Over the past year, what is the average frequency that your dog is active on a lead/leash?","1 | 2 | 3 | 4 | 5 | 6"," Less than once a month  |  Less than once a week  |  Once or twice a week  |  3-6 times a week  |  Once a day  |  More than once a day","pa","Physical Activity",6,TRUE,2615,0.000483844049364615,0.519945225535582,0.25659282745272,0.0391543267989032,1,1
"162","pa_on_leash_walk_reasons_exercise_for_dog","factor","xNo",0.105972636618501,1.1117914537166,0.0249469239621751,4.2479239837015,2.15760573717243e-05,0.899449259712426,1.05873792729446,1.16750350081063,"pa_on_leash_walk_reasons_exercise_for_dog|No","HLES_dog_owner","What is the reason for your activities? Exercise for the dog","True | False","Yes | No","pa","Physical Activity",2,TRUE,2615,2.13917895330353e-05,0.708642928940826,0.264514016235742,0.00235167932487013,1,1
"163","pa_on_leash_walk_reasons_exercise_for_owner","factor","xNo",0.118928121725127,1.12628895967138,0.0203084925983642,5.85607824653154,4.73924996643399e-09,0.887871617148566,1.0823387484764,1.17202384416461,"pa_on_leash_walk_reasons_exercise_for_owner|No","HLES_dog_owner","What is the reason for your activities? Exercise for you","True | False","Yes | No","pa","Physical Activity",2,TRUE,2615,4.64998185097613e-09,0.286675164055106,0.122066201781575,9.67609402935634e-07,1,1
"164","pa_on_leash_walk_reasons_training_obedience","factor","xNo",0.112952472923313,1.11957872138035,0.0308074420409475,3.66640218857455,0.000245986945277511,0.893193109964682,1.05397738767184,1.18926319295755,"pa_on_leash_walk_reasons_training_obedience|No","HLES_dog_owner","What is the reason for your activities? Training and obedience","True | False","Yes | No","pa","Physical Activity",2,TRUE,2615,0.000244434469411421,0.123634006637981,0.184484717805563,0.0206404999091598,1,1
"165","pa_on_leash_walk_slow_pace_pct","numeric","x",0.336004318854186,1.39934506836519,0.0233711271967458,14.376898299581,7.22611936126745e-47,0.71462001946973,1.3366917943917,1.46493501985555,"pa_on_leash_walk_slow_pace_pct","HLES_dog_owner","What % of the time are your on-leash activities at a slow pace?","Numeric",NA,"pa","Physical Activity",1,FALSE,2615,3.55231789449807e-47,0.00151255137382086,0.607663781491833,6.89917915084022e-44,1,0.348557309638263
"166","pa_other_aerobic_activity_avg_intensity","factor","xEngages in moderate exercise (greater than 30% of the time but less than 60% of the time)",-0.17418491547365,0.840141528125152,0.0360897614737606,-4.82643576351406,1.3899819846494e-06,1.19027564585646,0.782767510785173,0.901720852686463,"pa_other_aerobic_activity_avg_intensity|Engages in moderate exercise (greater than 30% of the time but less than 60% of the time)","HLES_dog_owner","During these periods of other aerobic activity, which of the following best describes your dog's activity level?","1 | 2 | 3"," Bursts of exercise less than 30% of the time  |  Engages in moderate exercise (greater than 30% of the time but less than 60% of the time)  |  Engages in strenuous exercise most of the time (greater than 60%)","pa","Physical Activity",3,TRUE,27073,3.90736889865732e-07,0.42273002891473,0.609708456826489,6.48415853137173e-05,1,1
"167","pa_other_aerobic_activity_avg_intensity","factor","xEngages in strenuous exercise most of the time (greater than 60%)",-0.202229734110272,0.816907234926528,0.0616532439043372,-3.28011506457075,0.00103764757169151,1.22412920004306,0.723924718704329,0.921832634296142,"pa_other_aerobic_activity_avg_intensity|Engages in strenuous exercise most of the time (greater than 60%)","HLES_dog_owner","During these periods of other aerobic activity, which of the following best describes your dog's activity level?","1 | 2 | 3"," Bursts of exercise less than 30% of the time  |  Engages in moderate exercise (greater than 30% of the time but less than 60% of the time)  |  Engages in strenuous exercise most of the time (greater than 60%)","pa","Physical Activity",3,TRUE,27073,3.90736889865732e-07,0.42273002891473,0.609708456826489,6.48415853137173e-05,1,1
"168","pa_other_aerobic_activity_frequency","factor","x3-6 times a week",-0.110711252478619,0.895197197585981,0.0430871105210428,-2.56947498079617,0.0101852746254667,1.11707230842169,0.822702655276345,0.974079781347749,"pa_other_aerobic_activity_frequency|3-6 times a week","HLES_dog_owner","Other than the on-leash and off-leash activities already described above, what is the average frequency that your dog gets other aerobic (elevated heart rate) activity? These might include working, mushing, or herding.","0 | 1 | 2 | 3 | 4 | 5 | 6"," Never  |  Less than once a month  |  Less than once a week  |  Once or twice a week  |  3-6 times a week  |  Once a day  |  More than once a day","pa","Physical Activity",7,TRUE,0,7.68281893760898e-06,0.61782227202268,0.641914083997467,0.000952422384271457,1,1
"169","pa_other_aerobic_activity_frequency","factor","xLess than once a month",-0.0549001922168161,0.946579619252325,0.0344361754516612,-1.59425927812107,0.110877974420532,1.05643516896114,0.884799816268372,1.01267310312382,"pa_other_aerobic_activity_frequency|Less than once a month","HLES_dog_owner","Other than the on-leash and off-leash activities already described above, what is the average frequency that your dog gets other aerobic (elevated heart rate) activity? These might include working, mushing, or herding.","0 | 1 | 2 | 3 | 4 | 5 | 6"," Never  |  Less than once a month  |  Less than once a week  |  Once or twice a week  |  3-6 times a week  |  Once a day  |  More than once a day","pa","Physical Activity",7,TRUE,0,7.68281893760898e-06,0.61782227202268,0.641914083997467,0.000952422384271457,1,1
"170","pa_other_aerobic_activity_frequency","factor","xLess than once a week",-0.139089296410315,0.870150323688585,0.0409333931460587,-3.39794201555723,0.00067894808895121,1.14922671724235,0.803066886497421,0.942837512722896,"pa_other_aerobic_activity_frequency|Less than once a week","HLES_dog_owner","Other than the on-leash and off-leash activities already described above, what is the average frequency that your dog gets other aerobic (elevated heart rate) activity? These might include working, mushing, or herding.","0 | 1 | 2 | 3 | 4 | 5 | 6"," Never  |  Less than once a month  |  Less than once a week  |  Once or twice a week  |  3-6 times a week  |  Once a day  |  More than once a day","pa","Physical Activity",7,TRUE,0,7.68281893760898e-06,0.61782227202268,0.641914083997467,0.000952422384271457,1,1
"171","pa_other_aerobic_activity_frequency","factor","xMore than once a day",-0.126351798637772,0.881304750430213,0.0469754690763275,-2.68974000946049,0.00715077055999424,1.13468127740358,0.803786151274506,0.966299384356531,"pa_other_aerobic_activity_frequency|More than once a day","HLES_dog_owner","Other than the on-leash and off-leash activities already described above, what is the average frequency that your dog gets other aerobic (elevated heart rate) activity? These might include working, mushing, or herding.","0 | 1 | 2 | 3 | 4 | 5 | 6"," Never  |  Less than once a month  |  Less than once a week  |  Once or twice a week  |  3-6 times a week  |  Once a day  |  More than once a day","pa","Physical Activity",7,TRUE,0,7.68281893760898e-06,0.61782227202268,0.641914083997467,0.000952422384271457,1,1
"172","pa_other_aerobic_activity_frequency","factor","xOnce a day",-0.127546059682618,0.880252870732631,0.0397504172988386,-3.20867221905479,0.00133349420562214,1.13603719254866,0.814276373062061,0.951575094238898,"pa_other_aerobic_activity_frequency|Once a day","HLES_dog_owner","Other than the on-leash and off-leash activities already described above, what is the average frequency that your dog gets other aerobic (elevated heart rate) activity? These might include working, mushing, or herding.","0 | 1 | 2 | 3 | 4 | 5 | 6"," Never  |  Less than once a month  |  Less than once a week  |  Once or twice a week  |  3-6 times a week  |  Once a day  |  More than once a day","pa","Physical Activity",7,TRUE,0,7.68281893760898e-06,0.61782227202268,0.641914083997467,0.000952422384271457,1,1
"173","pa_other_aerobic_activity_frequency","factor","xOnce or twice a week",-0.102963175201717,0.90216019473702,0.0329071113076241,-3.12890348348086,0.00175459931402621,1.10845058985505,0.845810509759433,0.962264014902611,"pa_other_aerobic_activity_frequency|Once or twice a week","HLES_dog_owner","Other than the on-leash and off-leash activities already described above, what is the average frequency that your dog gets other aerobic (elevated heart rate) activity? These might include working, mushing, or herding.","0 | 1 | 2 | 3 | 4 | 5 | 6"," Never  |  Less than once a month  |  Less than once a week  |  Once or twice a week  |  3-6 times a week  |  Once a day  |  More than once a day","pa","Physical Activity",7,TRUE,0,7.68281893760898e-06,0.61782227202268,0.641914083997467,0.000952422384271457,1,1
"174","pa_physical_games_frequency","factor","xMonthly",0.0783647960776488,1.08151711992001,0.0515697316556488,1.51958898295072,0.128614308526426,0.924627064686654,0.977545910795511,1.19654664580224,"pa_physical_games_frequency|Monthly","HLES_dog_owner","How often does your dog fetch items or play other games (such as Frisbee) that involve physical activity?","1 | 2 | 3 | 4 | 5"," Daily  |  Weekly  |  Monthly  |  Rarely  |  Never","pa","Physical Activity",5,TRUE,0,8.54497914770114e-26,0.000228220886656427,0.899886579257606,8.29786969115189e-23,1,0.0806410224719113
"175","pa_physical_games_frequency","factor","xNever",0.274676901187807,1.31610537408115,0.0268110279847949,10.2449224007219,1.24724925692355e-24,0.759817579726974,1.24873151984614,1.38711430612298,"pa_physical_games_frequency|Never","HLES_dog_owner","How often does your dog fetch items or play other games (such as Frisbee) that involve physical activity?","1 | 2 | 3 | 4 | 5"," Daily  |  Weekly  |  Monthly  |  Rarely  |  Never","pa","Physical Activity",5,TRUE,0,8.54497914770114e-26,0.000228220886656427,0.899886579257606,8.29786969115189e-23,1,0.0806410224719113
"176","pa_physical_games_frequency","factor","xRarely",0.158944387011213,1.17227275127651,0.0256697437298448,6.19189613593288,5.9444720174415e-10,0.853043797965178,1.11475273034145,1.2327607423437,"pa_physical_games_frequency|Rarely","HLES_dog_owner","How often does your dog fetch items or play other games (such as Frisbee) that involve physical activity?","1 | 2 | 3 | 4 | 5"," Daily  |  Weekly  |  Monthly  |  Rarely  |  Never","pa","Physical Activity",5,TRUE,0,8.54497914770114e-26,0.000228220886656427,0.899886579257606,8.29786969115189e-23,1,0.0806410224719113
"177","pa_physical_games_frequency","factor","xWeekly",0.0293822655162911,1.02981818322213,0.0288480733799151,1.01851742850695,0.308432122544754,0.971045196416289,0.97320656789696,1.08972290722067,"pa_physical_games_frequency|Weekly","HLES_dog_owner","How often does your dog fetch items or play other games (such as Frisbee) that involve physical activity?","1 | 2 | 3 | 4 | 5"," Daily  |  Weekly  |  Monthly  |  Rarely  |  Never","pa","Physical Activity",5,TRUE,0,8.54497914770114e-26,0.000228220886656427,0.899886579257606,8.29786969115189e-23,1,0.0806410224719113
"178","pa_swim","factor","xNo",0.210007134084449,1.2336868611516,0.0226289833861705,9.28044934677858,1.68765312176331e-20,0.810578463214351,1.18016604141361,1.28963486320539,"pa_swim|No","HLES_dog_owner","Does your dog go swimming?","True | False","Yes | No","pa","Physical Activity",2,TRUE,0,1.48857600877436e-20,0.00223535764395343,0.988995108381205,8.67317019691569e-18,1,0.455685874127037
