"DataFile","Variable","SurveyText","Values","ValueLabels","variable_group","variable_group_name","num.values","make.factor"
"HLES_dog_owner","dd_insurance","Do you have health insurance for your dog?","True | False","Yes | No","dd","Dog Demographics",2,TRUE
"HLES_dog_owner","dd_insurance_provider","Please provide the insurance provider name:","1 | 2 | 3 | 4 | 5 | 6 | 7 | 8 | 9 | 10 | 11 | 12 | 13 | 14 | 15 | 99 | 98","AKC Pet Insurance | ASPCA | Embrace | Figo | Hartville | Healthy Paws | Nationwide | Pets Best | Petfirst | PetPartners | Petplan | Pet Premium | Prudent Pet | Trupanion | 24 Pet Watch | Unknown | Other","dd","Dog Demographics",17,TRUE
"HLES_dog_owner","dd_activities_companion_animal","Companion animal or pet","1 | 2 | 3"," Primary  |  Secondary  |  Additional activity","dd","Dog Demographics",3,TRUE
"HLES_dog_owner","dd_activities_obedience","Obedience","1 | 2 | 3"," Primary  |  Secondary  |  Additional activity","dd","Dog Demographics",3,TRUE
"HLES_dog_owner","dd_activities_show","Show","1 | 2 | 3"," Primary  |  Secondary  |  Additional activity","dd","Dog Demographics",3,TRUE
"HLES_dog_owner","dd_activities_breeding","Breeding","1 | 2 | 3"," Primary  |  Secondary  |  Additional activity","dd","Dog Demographics",3,TRUE
"HLES_dog_owner","dd_activities_agility","Agility","1 | 2 | 3"," Primary  |  Secondary  |  Additional activity","dd","Dog Demographics",3,TRUE
"HLES_dog_owner","dd_activities_hunting","Hunting","1 | 2 | 3"," Primary  |  Secondary  |  Additional activity","dd","Dog Demographics",3,TRUE
"HLES_dog_owner","dd_activities_working","Working (herding, guarding, etc)","1 | 2 | 3"," Primary  |  Secondary  |  Additional activity","dd","Dog Demographics",3,TRUE
"HLES_dog_owner","dd_activities_field_trials","Field trials","1 | 2 | 3"," Primary  |  Secondary  |  Additional activity","dd","Dog Demographics",3,TRUE
"HLES_dog_owner","dd_activities_search_and_rescue","Search & Rescue","1 | 2 | 3"," Primary  |  Secondary  |  Additional activity","dd","Dog Demographics",3,TRUE
"HLES_dog_owner","dd_activities_service","Service dog","1 | 2 | 3"," Primary  |  Secondary  |  Additional activity","dd","Dog Demographics",3,TRUE
"HLES_dog_owner","dd_activities_assistance_or_therapy","Assistance or therapy dog","1 | 2 | 3"," Primary  |  Secondary  |  Additional activity","dd","Dog Demographics",3,TRUE
"HLES_dog_owner","dd_activities_other","Other","1 | 2 | 3"," Primary  |  Secondary  |  Additional activity","dd","Dog Demographics",3,TRUE
"HLES_dog_owner","dd_activities_service_seeing_eye","What type of service or assistance does your dog provide? Seeing eye dog","True | False","Yes | No","dd","Dog Demographics",2,TRUE
"HLES_dog_owner","dd_activities_service_hearing_or_signal","What type of service or assistance does your dog provide? Hearing or signal dog","True | False","Yes | No","dd","Dog Demographics",2,TRUE
"HLES_dog_owner","dd_activities_service_wheelchair","What type of service or assistance does your dog provide? Wheelchair service dog","True | False","Yes | No","dd","Dog Demographics",2,TRUE
"HLES_dog_owner","dd_activities_service_other_medical","What type of service or assistance does your dog provide? Other medical service dog","True | False","Yes | No","dd","Dog Demographics",2,TRUE
"HLES_dog_owner","dd_activities_service_other_health","What type of service or assistance does your dog provide? Other health assistance dog","True | False","Yes | No","dd","Dog Demographics",2,TRUE
"HLES_dog_owner","dd_activities_service_community_therapy","What type of service or assistance does your dog provide? Community Therapy dog","True | False","Yes | No","dd","Dog Demographics",2,TRUE
"HLES_dog_owner","dd_activities_service_emotional_support","What type of service or assistance does your dog provide? Emotional Support dog","True | False","Yes | No","dd","Dog Demographics",2,TRUE
"HLES_dog_owner","dd_activities_service_other","What type of service or assistance does your dog provide? Other","True | False","Yes | No","dd","Dog Demographics",2,TRUE
"HLES_dog_owner","dd_alternate_recent_residence_count","Over the past six months, did your dog stay two weeks or more in a location other than your primary or secondary residence? How many locations?","0 | 1 | 2 | 3 | 4 | 5 | 6 | 7 | 8 | 9 | 10 | 11 | 12 | 13","No | 1 | 2 | 3 | 4 | 5 | 6 | 7 | 8 | 9 | 10 | 11 | 12 | 13","dd","Dog Demographics",14,FALSE
"HLES_dog_owner","dd_alternate_recent_residence1_state","State:","AL | AK | AZ | AR | CA | CO | CT | DE | DC | FL | GA | HI | ID | IL | IN | IA | KS | KY | LA | ME | MD | MA | MI | MN | MS | MO | MT | NE | NV | NH | NJ | NM | NY | NC | ND | OH | OK | OR | PA | RI | SC | SD | TN | TX | UT | VT | VA | WA | WV | WI | WY","Alabama | Alaska | Arizona | Arkansas | California | Colorado | Connecticut | Delaware | District of Columbia | Florida | Georgia | Hawaii | Idaho | Illinois | Indiana | Iowa | Kansas | Kentucky | Louisiana | Maine | Maryland | Massachusetts | Michigan | Minnesota | Mississippi | Missouri | Montana | Nebraska | Nevada | New Hampshire | New Jersey | New Mexico | New York | North Carolina | North Dakota | Ohio | Oklahoma | Oregon | Pennsylvania | Rhode Island | South Carolina | South Dakota | Tennessee | Texas | Utah | Vermont | Virginia | Washington | West Virginia | Wisconsin | Wyoming","dd","Dog Demographics",51,TRUE
"HLES_dog_owner","dd_alternate_recent_residence1_weeks","Duration (weeks):","2 | 3 | 4 | 5 | 6 | 7 | 8 | 9 | 10 | 11 | 12 | 13 | 14 | 15 | 16 | 17 | 18 | 19 | 20 | 21 | 22 | 23 | 24 | 25 | 26","2 | 3 | 4 | 5 | 6 | 7 | 8 | 9 | 10 | 11 | 12 | 13 | 14 | 15 | 16 | 17 | 18 | 19 | 20 | 21 | 22 | 23 | 24 | 25 | 26","dd","Dog Demographics",25,FALSE
"HLES_dog_owner","dd_alternate_recent_residence2_state","State:","AL | AK | AZ | AR | CA | CO | CT | DE | DC | FL | GA | HI | ID | IL | IN | IA | KS | KY | LA | ME | MD | MA | MI | MN | MS | MO | MT | NE | NV | NH | NJ | NM | NY | NC | ND | OH | OK | OR | PA | RI | SC | SD | TN | TX | UT | VT | VA | WA | WV | WI | WY","Alabama | Alaska | Arizona | Arkansas | California | Colorado | Connecticut | Delaware | District of Columbia | Florida | Georgia | Hawaii | Idaho | Illinois | Indiana | Iowa | Kansas | Kentucky | Louisiana | Maine | Maryland | Massachusetts | Michigan | Minnesota | Mississippi | Missouri | Montana | Nebraska | Nevada | New Hampshire | New Jersey | New Mexico | New York | North Carolina | North Dakota | Ohio | Oklahoma | Oregon | Pennsylvania | Rhode Island | South Carolina | South Dakota | Tennessee | Texas | Utah | Vermont | Virginia | Washington | West Virginia | Wisconsin | Wyoming","dd","Dog Demographics",51,TRUE
"HLES_dog_owner","dd_alternate_recent_residence2_weeks","Duration (weeks):","2 | 3 | 4 | 5 | 6 | 7 | 8 | 9 | 10 | 11 | 12 | 13 | 14 | 15 | 16 | 17 | 18 | 19 | 20 | 21 | 22 | 23 | 24 | 25 | 26","2 | 3 | 4 | 5 | 6 | 7 | 8 | 9 | 10 | 11 | 12 | 13 | 14 | 15 | 16 | 17 | 18 | 19 | 20 | 21 | 22 | 23 | 24 | 25 | 26","dd","Dog Demographics",25,FALSE
"HLES_dog_owner","dd_alternate_recent_residence3_state","State:","AL | AK | AZ | AR | CA | CO | CT | DE | DC | FL | GA | HI | ID | IL | IN | IA | KS | KY | LA | ME | MD | MA | MI | MN | MS | MO | MT | NE | NV | NH | NJ | NM | NY | NC | ND | OH | OK | OR | PA | RI | SC | SD | TN | TX | UT | VT | VA | WA | WV | WI | WY","Alabama | Alaska | Arizona | Arkansas | California | Colorado | Connecticut | Delaware | District of Columbia | Florida | Georgia | Hawaii | Idaho | Illinois | Indiana | Iowa | Kansas | Kentucky | Louisiana | Maine | Maryland | Massachusetts | Michigan | Minnesota | Mississippi | Missouri | Montana | Nebraska | Nevada | New Hampshire | New Jersey | New Mexico | New York | North Carolina | North Dakota | Ohio | Oklahoma | Oregon | Pennsylvania | Rhode Island | South Carolina | South Dakota | Tennessee | Texas | Utah | Vermont | Virginia | Washington | West Virginia | Wisconsin | Wyoming","dd","Dog Demographics",51,TRUE
"HLES_dog_owner","dd_alternate_recent_residence3_weeks","Duration (weeks):","2 | 3 | 4 | 5 | 6 | 7 | 8 | 9 | 10 | 11 | 12 | 13 | 14 | 15 | 16 | 17 | 18 | 19 | 20 | 21 | 22 | 23 | 24 | 25 | 26","2 | 3 | 4 | 5 | 6 | 7 | 8 | 9 | 10 | 11 | 12 | 13 | 14 | 15 | 16 | 17 | 18 | 19 | 20 | 21 | 22 | 23 | 24 | 25 | 26","dd","Dog Demographics",25,FALSE
"HLES_dog_owner","dd_alternate_recent_residence4_state","State:","AL | AK | AZ | AR | CA | CO | CT | DE | DC | FL | GA | HI | ID | IL | IN | IA | KS | KY | LA | ME | MD | MA | MI | MN | MS | MO | MT | NE | NV | NH | NJ | NM | NY | NC | ND | OH | OK | OR | PA | RI | SC | SD | TN | TX | UT | VT | VA | WA | WV | WI | WY","Alabama | Alaska | Arizona | Arkansas | California | Colorado | Connecticut | Delaware | District of Columbia | Florida | Georgia | Hawaii | Idaho | Illinois | Indiana | Iowa | Kansas | Kentucky | Louisiana | Maine | Maryland | Massachusetts | Michigan | Minnesota | Mississippi | Missouri | Montana | Nebraska | Nevada | New Hampshire | New Jersey | New Mexico | New York | North Carolina | North Dakota | Ohio | Oklahoma | Oregon | Pennsylvania | Rhode Island | South Carolina | South Dakota | Tennessee | Texas | Utah | Vermont | Virginia | Washington | West Virginia | Wisconsin | Wyoming","dd","Dog Demographics",51,TRUE
"HLES_dog_owner","dd_alternate_recent_residence4_weeks","Duration (weeks):","2 | 3 | 4 | 5 | 6 | 7 | 8 | 9 | 10 | 11 | 12 | 13 | 14 | 15 | 16 | 17 | 18 | 19 | 20 | 21 | 22 | 23 | 24 | 25 | 26","2 | 3 | 4 | 5 | 6 | 7 | 8 | 9 | 10 | 11 | 12 | 13 | 14 | 15 | 16 | 17 | 18 | 19 | 20 | 21 | 22 | 23 | 24 | 25 | 26","dd","Dog Demographics",25,FALSE
"HLES_dog_owner","dd_alternate_recent_residence5_state","State:","AL | AK | AZ | AR | CA | CO | CT | DE | DC | FL | GA | HI | ID | IL | IN | IA | KS | KY | LA | ME | MD | MA | MI | MN | MS | MO | MT | NE | NV | NH | NJ | NM | NY | NC | ND | OH | OK | OR | PA | RI | SC | SD | TN | TX | UT | VT | VA | WA | WV | WI | WY","Alabama | Alaska | Arizona | Arkansas | California | Colorado | Connecticut | Delaware | District of Columbia | Florida | Georgia | Hawaii | Idaho | Illinois | Indiana | Iowa | Kansas | Kentucky | Louisiana | Maine | Maryland | Massachusetts | Michigan | Minnesota | Mississippi | Missouri | Montana | Nebraska | Nevada | New Hampshire | New Jersey | New Mexico | New York | North Carolina | North Dakota | Ohio | Oklahoma | Oregon | Pennsylvania | Rhode Island | South Carolina | South Dakota | Tennessee | Texas | Utah | Vermont | Virginia | Washington | West Virginia | Wisconsin | Wyoming","dd","Dog Demographics",51,TRUE
"HLES_dog_owner","dd_alternate_recent_residence5_weeks","Duration (weeks):","2 | 3 | 4 | 5 | 6 | 7 | 8 | 9 | 10 | 11 | 12 | 13 | 14 | 15 | 16 | 17 | 18 | 19 | 20 | 21 | 22 | 23 | 24 | 25 | 26","2 | 3 | 4 | 5 | 6 | 7 | 8 | 9 | 10 | 11 | 12 | 13 | 14 | 15 | 16 | 17 | 18 | 19 | 20 | 21 | 22 | 23 | 24 | 25 | 26","dd","Dog Demographics",25,FALSE
"HLES_dog_owner","dd_alternate_recent_residence6_state","State:","AL | AK | AZ | AR | CA | CO | CT | DE | DC | FL | GA | HI | ID | IL | IN | IA | KS | KY | LA | ME | MD | MA | MI | MN | MS | MO | MT | NE | NV | NH | NJ | NM | NY | NC | ND | OH | OK | OR | PA | RI | SC | SD | TN | TX | UT | VT | VA | WA | WV | WI | WY","Alabama | Alaska | Arizona | Arkansas | California | Colorado | Connecticut | Delaware | District of Columbia | Florida | Georgia | Hawaii | Idaho | Illinois | Indiana | Iowa | Kansas | Kentucky | Louisiana | Maine | Maryland | Massachusetts | Michigan | Minnesota | Mississippi | Missouri | Montana | Nebraska | Nevada | New Hampshire | New Jersey | New Mexico | New York | North Carolina | North Dakota | Ohio | Oklahoma | Oregon | Pennsylvania | Rhode Island | South Carolina | South Dakota | Tennessee | Texas | Utah | Vermont | Virginia | Washington | West Virginia | Wisconsin | Wyoming","dd","Dog Demographics",51,TRUE
"HLES_dog_owner","dd_alternate_recent_residence6_weeks","Duration (weeks):","2 | 3 | 4 | 5 | 6 | 7 | 8 | 9 | 10 | 11 | 12 | 13 | 14 | 15 | 16 | 17 | 18 | 19 | 20 | 21 | 22 | 23 | 24 | 25 | 26","2 | 3 | 4 | 5 | 6 | 7 | 8 | 9 | 10 | 11 | 12 | 13 | 14 | 15 | 16 | 17 | 18 | 19 | 20 | 21 | 22 | 23 | 24 | 25 | 26","dd","Dog Demographics",25,FALSE
"HLES_dog_owner","dd_alternate_recent_residence7_state","State:","AL | AK | AZ | AR | CA | CO | CT | DE | DC | FL | GA | HI | ID | IL | IN | IA | KS | KY | LA | ME | MD | MA | MI | MN | MS | MO | MT | NE | NV | NH | NJ | NM | NY | NC | ND | OH | OK | OR | PA | RI | SC | SD | TN | TX | UT | VT | VA | WA | WV | WI | WY","Alabama | Alaska | Arizona | Arkansas | California | Colorado | Connecticut | Delaware | District of Columbia | Florida | Georgia | Hawaii | Idaho | Illinois | Indiana | Iowa | Kansas | Kentucky | Louisiana | Maine | Maryland | Massachusetts | Michigan | Minnesota | Mississippi | Missouri | Montana | Nebraska | Nevada | New Hampshire | New Jersey | New Mexico | New York | North Carolina | North Dakota | Ohio | Oklahoma | Oregon | Pennsylvania | Rhode Island | South Carolina | South Dakota | Tennessee | Texas | Utah | Vermont | Virginia | Washington | West Virginia | Wisconsin | Wyoming","dd","Dog Demographics",51,TRUE
"HLES_dog_owner","dd_alternate_recent_residence7_weeks","Duration (weeks):","2 | 3 | 4 | 5 | 6 | 7 | 8 | 9 | 10 | 11 | 12 | 13 | 14 | 15 | 16 | 17 | 18 | 19 | 20 | 21 | 22 | 23 | 24 | 25 | 26","2 | 3 | 4 | 5 | 6 | 7 | 8 | 9 | 10 | 11 | 12 | 13 | 14 | 15 | 16 | 17 | 18 | 19 | 20 | 21 | 22 | 23 | 24 | 25 | 26","dd","Dog Demographics",25,FALSE
"HLES_dog_owner","dd_alternate_recent_residence8_state","State:","AL | AK | AZ | AR | CA | CO | CT | DE | DC | FL | GA | HI | ID | IL | IN | IA | KS | KY | LA | ME | MD | MA | MI | MN | MS | MO | MT | NE | NV | NH | NJ | NM | NY | NC | ND | OH | OK | OR | PA | RI | SC | SD | TN | TX | UT | VT | VA | WA | WV | WI | WY","Alabama | Alaska | Arizona | Arkansas | California | Colorado | Connecticut | Delaware | District of Columbia | Florida | Georgia | Hawaii | Idaho | Illinois | Indiana | Iowa | Kansas | Kentucky | Louisiana | Maine | Maryland | Massachusetts | Michigan | Minnesota | Mississippi | Missouri | Montana | Nebraska | Nevada | New Hampshire | New Jersey | New Mexico | New York | North Carolina | North Dakota | Ohio | Oklahoma | Oregon | Pennsylvania | Rhode Island | South Carolina | South Dakota | Tennessee | Texas | Utah | Vermont | Virginia | Washington | West Virginia | Wisconsin | Wyoming","dd","Dog Demographics",51,TRUE
"HLES_dog_owner","dd_alternate_recent_residence8_weeks","Duration (weeks):","2 | 3 | 4 | 5 | 6 | 7 | 8 | 9 | 10 | 11 | 12 | 13 | 14 | 15 | 16 | 17 | 18 | 19 | 20 | 21 | 22 | 23 | 24 | 25 | 26","2 | 3 | 4 | 5 | 6 | 7 | 8 | 9 | 10 | 11 | 12 | 13 | 14 | 15 | 16 | 17 | 18 | 19 | 20 | 21 | 22 | 23 | 24 | 25 | 26","dd","Dog Demographics",25,FALSE
"HLES_dog_owner","dd_alternate_recent_residence9_state","State:","AL | AK | AZ | AR | CA | CO | CT | DE | DC | FL | GA | HI | ID | IL | IN | IA | KS | KY | LA | ME | MD | MA | MI | MN | MS | MO | MT | NE | NV | NH | NJ | NM | NY | NC | ND | OH | OK | OR | PA | RI | SC | SD | TN | TX | UT | VT | VA | WA | WV | WI | WY","Alabama | Alaska | Arizona | Arkansas | California | Colorado | Connecticut | Delaware | District of Columbia | Florida | Georgia | Hawaii | Idaho | Illinois | Indiana | Iowa | Kansas | Kentucky | Louisiana | Maine | Maryland | Massachusetts | Michigan | Minnesota | Mississippi | Missouri | Montana | Nebraska | Nevada | New Hampshire | New Jersey | New Mexico | New York | North Carolina | North Dakota | Ohio | Oklahoma | Oregon | Pennsylvania | Rhode Island | South Carolina | South Dakota | Tennessee | Texas | Utah | Vermont | Virginia | Washington | West Virginia | Wisconsin | Wyoming","dd","Dog Demographics",51,TRUE
"HLES_dog_owner","dd_alternate_recent_residence9_weeks","Duration (weeks):","2 | 3 | 4 | 5 | 6 | 7 | 8 | 9 | 10 | 11 | 12 | 13 | 14 | 15 | 16 | 17 | 18 | 19 | 20 | 21 | 22 | 23 | 24 | 25 | 26","2 | 3 | 4 | 5 | 6 | 7 | 8 | 9 | 10 | 11 | 12 | 13 | 14 | 15 | 16 | 17 | 18 | 19 | 20 | 21 | 22 | 23 | 24 | 25 | 26","dd","Dog Demographics",25,FALSE
"HLES_dog_owner","dd_alternate_recent_residence10_state","State:","AL | AK | AZ | AR | CA | CO | CT | DE | DC | FL | GA | HI | ID | IL | IN | IA | KS | KY | LA | ME | MD | MA | MI | MN | MS | MO | MT | NE | NV | NH | NJ | NM | NY | NC | ND | OH | OK | OR | PA | RI | SC | SD | TN | TX | UT | VT | VA | WA | WV | WI | WY","Alabama | Alaska | Arizona | Arkansas | California | Colorado | Connecticut | Delaware | District of Columbia | Florida | Georgia | Hawaii | Idaho | Illinois | Indiana | Iowa | Kansas | Kentucky | Louisiana | Maine | Maryland | Massachusetts | Michigan | Minnesota | Mississippi | Missouri | Montana | Nebraska | Nevada | New Hampshire | New Jersey | New Mexico | New York | North Carolina | North Dakota | Ohio | Oklahoma | Oregon | Pennsylvania | Rhode Island | South Carolina | South Dakota | Tennessee | Texas | Utah | Vermont | Virginia | Washington | West Virginia | Wisconsin | Wyoming","dd","Dog Demographics",51,TRUE
"HLES_dog_owner","dd_alternate_recent_residence10_weeks","Duration (weeks):","2 | 3 | 4 | 5 | 6 | 7 | 8 | 9 | 10 | 11 | 12 | 13 | 14 | 15 | 16 | 17 | 18 | 19 | 20 | 21 | 22 | 23 | 24 | 25 | 26","2 | 3 | 4 | 5 | 6 | 7 | 8 | 9 | 10 | 11 | 12 | 13 | 14 | 15 | 16 | 17 | 18 | 19 | 20 | 21 | 22 | 23 | 24 | 25 | 26","dd","Dog Demographics",25,FALSE
"HLES_dog_owner","dd_alternate_recent_residence11_state","State:","AL | AK | AZ | AR | CA | CO | CT | DE | DC | FL | GA | HI | ID | IL | IN | IA | KS | KY | LA | ME | MD | MA | MI | MN | MS | MO | MT | NE | NV | NH | NJ | NM | NY | NC | ND | OH | OK | OR | PA | RI | SC | SD | TN | TX | UT | VT | VA | WA | WV | WI | WY","Alabama | Alaska | Arizona | Arkansas | California | Colorado | Connecticut | Delaware | District of Columbia | Florida | Georgia | Hawaii | Idaho | Illinois | Indiana | Iowa | Kansas | Kentucky | Louisiana | Maine | Maryland | Massachusetts | Michigan | Minnesota | Mississippi | Missouri | Montana | Nebraska | Nevada | New Hampshire | New Jersey | New Mexico | New York | North Carolina | North Dakota | Ohio | Oklahoma | Oregon | Pennsylvania | Rhode Island | South Carolina | South Dakota | Tennessee | Texas | Utah | Vermont | Virginia | Washington | West Virginia | Wisconsin | Wyoming","dd","Dog Demographics",51,TRUE
"HLES_dog_owner","dd_alternate_recent_residence11_weeks","Duration (weeks):","2 | 3 | 4 | 5 | 6 | 7 | 8 | 9 | 10 | 11 | 12 | 13 | 14 | 15 | 16 | 17 | 18 | 19 | 20 | 21 | 22 | 23 | 24 | 25 | 26","2 | 3 | 4 | 5 | 6 | 7 | 8 | 9 | 10 | 11 | 12 | 13 | 14 | 15 | 16 | 17 | 18 | 19 | 20 | 21 | 22 | 23 | 24 | 25 | 26","dd","Dog Demographics",25,FALSE
"HLES_dog_owner","dd_alternate_recent_residence12_state","State:","AL | AK | AZ | AR | CA | CO | CT | DE | DC | FL | GA | HI | ID | IL | IN | IA | KS | KY | LA | ME | MD | MA | MI | MN | MS | MO | MT | NE | NV | NH | NJ | NM | NY | NC | ND | OH | OK | OR | PA | RI | SC | SD | TN | TX | UT | VT | VA | WA | WV | WI | WY","Alabama | Alaska | Arizona | Arkansas | California | Colorado | Connecticut | Delaware | District of Columbia | Florida | Georgia | Hawaii | Idaho | Illinois | Indiana | Iowa | Kansas | Kentucky | Louisiana | Maine | Maryland | Massachusetts | Michigan | Minnesota | Mississippi | Missouri | Montana | Nebraska | Nevada | New Hampshire | New Jersey | New Mexico | New York | North Carolina | North Dakota | Ohio | Oklahoma | Oregon | Pennsylvania | Rhode Island | South Carolina | South Dakota | Tennessee | Texas | Utah | Vermont | Virginia | Washington | West Virginia | Wisconsin | Wyoming","dd","Dog Demographics",51,TRUE
"HLES_dog_owner","dd_alternate_recent_residence12_weeks","Duration (weeks):","2 | 3 | 4 | 5 | 6 | 7 | 8 | 9 | 10 | 11 | 12 | 13 | 14 | 15 | 16 | 17 | 18 | 19 | 20 | 21 | 22 | 23 | 24 | 25 | 26","2 | 3 | 4 | 5 | 6 | 7 | 8 | 9 | 10 | 11 | 12 | 13 | 14 | 15 | 16 | 17 | 18 | 19 | 20 | 21 | 22 | 23 | 24 | 25 | 26","dd","Dog Demographics",25,FALSE
"HLES_dog_owner","dd_alternate_recent_residence13_state","State:","AL | AK | AZ | AR | CA | CO | CT | DE | DC | FL | GA | HI | ID | IL | IN | IA | KS | KY | LA | ME | MD | MA | MI | MN | MS | MO | MT | NE | NV | NH | NJ | NM | NY | NC | ND | OH | OK | OR | PA | RI | SC | SD | TN | TX | UT | VT | VA | WA | WV | WI | WY","Alabama | Alaska | Arizona | Arkansas | California | Colorado | Connecticut | Delaware | District of Columbia | Florida | Georgia | Hawaii | Idaho | Illinois | Indiana | Iowa | Kansas | Kentucky | Louisiana | Maine | Maryland | Massachusetts | Michigan | Minnesota | Mississippi | Missouri | Montana | Nebraska | Nevada | New Hampshire | New Jersey | New Mexico | New York | North Carolina | North Dakota | Ohio | Oklahoma | Oregon | Pennsylvania | Rhode Island | South Carolina | South Dakota | Tennessee | Texas | Utah | Vermont | Virginia | Washington | West Virginia | Wisconsin | Wyoming","dd","Dog Demographics",51,TRUE
"HLES_dog_owner","dd_alternate_recent_residence13_weeks","Duration (weeks):","2 | 3 | 4 | 5 | 6 | 7 | 8 | 9 | 10 | 11 | 12 | 13 | 14 | 15 | 16 | 17 | 18 | 19 | 20 | 21 | 22 | 23 | 24 | 25 | 26","2 | 3 | 4 | 5 | 6 | 7 | 8 | 9 | 10 | 11 | 12 | 13 | 14 | 15 | 16 | 17 | 18 | 19 | 20 | 21 | 22 | 23 | 24 | 25 | 26","dd","Dog Demographics",25,FALSE
"HLES_dog_owner","pa_activity_level","Please choose the best description of your dog's lifestyle over the past year:","1 | 2 | 3"," Not active  |  Moderately active  |  Very Active","pa","Physical Activity",3,TRUE
"HLES_dog_owner","pa_avg_daily_active_hours","Average number of hours active per day:","0 | 1 | 2 | 3 | 4 | 5 | 6 | 7 | 8","0 | 1 | 2 | 3 | 4 | 5 | 6 | 7 | 8+","pa","Physical Activity",9,FALSE
"HLES_dog_owner","pa_avg_daily_active_minutes","Average number of minutes active per day:","0 | 1 | 2 | 3 | 4 | 5","0 | 10 | 20 | 30 | 40 | 50","pa","Physical Activity",6,FALSE
"HLES_dog_owner","pa_avg_activity_intensity","Over the past year, when your dog is being active what is the average intensity level of that activity?","1 | 2 | 3"," Low (walking)  |  Moderate (jogging)  |  Vigorous (sprinting)","pa","Physical Activity",3,TRUE
"HLES_dog_owner","pa_moderate_weather_months_per_year","Approximately how many months per year is the weather moderate (40-85 degrees Fahrenheit)?","0 | 1 | 2 | 3 | 4 | 5 | 6 | 7 | 8 | 9 | 10 | 11 | 12","0 | 1 | 2 | 3 | 4 | 5 | 6 | 7 | 8 | 9 | 10 | 11 | 12","pa","Physical Activity",13,FALSE
"HLES_dog_owner","pa_moderate_weather_daily_hours_outside","How much time per day does your dog spend outdoors on average in moderate weather (40-85 degrees Fahrenheit)?","1 | 2 | 3 | 4 | 5"," Less than 3 hours  |  Between 3-8 hours  |  Between 8-16 hours  |  More than 16 hours  |  My dog does not spend time in moderate weather","pa","Physical Activity",5,TRUE
"HLES_dog_owner","pa_moderate_weather_outdoor_concrete","Concrete:","True | False","Yes | No","pa","Physical Activity",2,TRUE
"HLES_dog_owner","pa_moderate_weather_outdoor_wood","Wood:","True | False","Yes | No","pa","Physical Activity",2,TRUE
"HLES_dog_owner","pa_moderate_weather_outdoor_other_hard_surface","Hard surface other than concrete or wood (asphalt, pavement, street):","True | False","Yes | No","pa","Physical Activity",2,TRUE
"HLES_dog_owner","pa_moderate_weather_outdoor_grass_or_dirt","Grass or dirt:","True | False","Yes | No","pa","Physical Activity",2,TRUE
"HLES_dog_owner","pa_moderate_weather_outdoor_gravel","Gravel:","True | False","Yes | No","pa","Physical Activity",2,TRUE
"HLES_dog_owner","pa_moderate_weather_outdoor_sand","Sand:","True | False","Yes | No","pa","Physical Activity",2,TRUE
"HLES_dog_owner","pa_moderate_weather_outdoor_astroturf","Artificial grass or turf/AstroTurf:","True | False","Yes | No","pa","Physical Activity",2,TRUE
"HLES_dog_owner","pa_moderate_weather_outdoor_other_surface","Other surface:","True | False","Yes | No","pa","Physical Activity",2,TRUE
"HLES_dog_owner","pa_moderate_weather_sun_exposure_level","What is the degree of your dog's sun exposure on moderate days (40-85 degrees Fahrenheit)?","1 | 2 | 3"," Full sun  |  Access to shade or sun  |  Full shade","pa","Physical Activity",3,TRUE
"HLES_dog_owner","pa_hot_weather_months_per_year","Approximately how many months per year is the weather hot (over 85 degrees Fahrenheit)?","0 | 1 | 2 | 3 | 4 | 5 | 6 | 7 | 8 | 9 | 10 | 11 | 12","0 | 1 | 2 | 3 | 4 | 5 | 6 | 7 | 8 | 9 | 10 | 11 | 12+","pa","Physical Activity",13,FALSE
"HLES_dog_owner","pa_hot_weather_daily_hours_outside","How much time per day does your dog spend outdoors on average in hot weather (over 85 degrees Fahrenheit)?","1 | 2 | 3 | 4 | 5"," Less than 3 hours  |  Between 3-8 hours  |  Between 8-16 hours  |  More than 16 hours  |  My dog does not spend time in a hot area","pa","Physical Activity",5,TRUE
"HLES_dog_owner","pa_hot_weather_outdoor_concrete","Concrete:","True | False","Yes | No","pa","Physical Activity",2,TRUE
"HLES_dog_owner","pa_hot_weather_outdoor_wood","Wood:","True | False","Yes | No","pa","Physical Activity",2,TRUE
"HLES_dog_owner","pa_hot_weather_outdoor_other_hard_surface","Hard surface other than concrete or wood (asphalt, pavement, street):","True | False","Yes | No","pa","Physical Activity",2,TRUE
"HLES_dog_owner","pa_hot_weather_outdoor_grass_or_dirt","Grass or dirt:","True | False","Yes | No","pa","Physical Activity",2,TRUE
"HLES_dog_owner","pa_hot_weather_outdoor_gravel","Gravel:","True | False","Yes | No","pa","Physical Activity",2,TRUE
"HLES_dog_owner","pa_hot_weather_outdoor_sand","Sand:","True | False","Yes | No","pa","Physical Activity",2,TRUE
"HLES_dog_owner","pa_hot_weather_outdoor_astroturf","Artificial grass or turf/AstroTurf:","True | False","Yes | No","pa","Physical Activity",2,TRUE
"HLES_dog_owner","pa_hot_weather_outdoor_other_surface","Other surface:","True | False","Yes | No","pa","Physical Activity",2,TRUE
"HLES_dog_owner","pa_hot_weather_sun_exposure_level","What is the degree of your dog's sun exposure on hot days (over 85 degrees Fahrenheit)?","1 | 2 | 3"," Full sun  |  Access to shade or sun  |  Full shade","pa","Physical Activity",3,TRUE
"HLES_dog_owner","pa_cold_weather_months_per_year","Approximately how many months per year is the weather cold (below 40 degrees Fahrenheit)?","0 | 1 | 2 | 3 | 4 | 5 | 6 | 7 | 8 | 9 | 10 | 11 | 12","0 | 1 | 2 | 3 | 4 | 5 | 6 | 7 | 8 | 9 | 10 | 11 | 12","pa","Physical Activity",13,FALSE
"HLES_dog_owner","pa_cold_weather_daily_hours_outside","How much time per day does your dog spend outdoors on average in cold weather (below 40 degrees Fahrenheit)?","1 | 2 | 3 | 4 | 5"," Less than 3 hours  |  Between 3-8 hours  |  Between 8-16 hours  |  More than 16 hours  |  My dog does not spend time in a cold area","pa","Physical Activity",5,TRUE
"HLES_dog_owner","pa_cold_weather_outdoor_concrete","Concrete:","True | False","Yes | No","pa","Physical Activity",2,TRUE
"HLES_dog_owner","pa_cold_weather_outdoor_wood","Wood:","True | False","Yes | No","pa","Physical Activity",2,TRUE
"HLES_dog_owner","pa_cold_weather_outdoor_other_hard_surface","Hard surface other than concrete or wood (asphalt, pavement, street):","True | False","Yes | No","pa","Physical Activity",2,TRUE
"HLES_dog_owner","pa_cold_weather_outdoor_grass_or_dirt","Grass or dirt:","True | False","Yes | No","pa","Physical Activity",2,TRUE
"HLES_dog_owner","pa_cold_weather_outdoor_gravel","Gravel:","True | False","Yes | No","pa","Physical Activity",2,TRUE
"HLES_dog_owner","pa_cold_weather_outdoor_sand","Sand:","True | False","Yes | No","pa","Physical Activity",2,TRUE
"HLES_dog_owner","pa_cold_weather_outdoor_astroturf","Artificial grass or turf/AstroTurf:","True | False","Yes | No","pa","Physical Activity",2,TRUE
"HLES_dog_owner","pa_cold_weather_outdoor_other_surface","Other surface:","True | False","Yes | No","pa","Physical Activity",2,TRUE
"HLES_dog_owner","pa_cold_weather_sun_exposure_level","What is the degree of your dog's sun exposure on cold days (below 40 degrees Fahrenheit)?","1 | 2 | 3"," Full sun  |  Access to shade or sun  |  Full shade","pa","Physical Activity",3,TRUE
"HLES_dog_owner","pa_on_leash_off_leash_walk","Over the past year, if your dog leaves the house with you, they are:","1 | 2 | 3 | 0"," On leash  |  Off leash  |  Both  |  My dog doesn't take walks","pa","Physical Activity",4,TRUE
"HLES_dog_owner","pa_on_leash_walk_frequency","Over the past year, what is the average frequency that your dog is active on a lead/leash?","1 | 2 | 3 | 4 | 5 | 6"," Less than once a month  |  Less than once a week  |  Once or twice a week  |  3-6 times a week  |  Once a day  |  More than once a day","pa","Physical Activity",6,TRUE
"HLES_dog_owner","pa_on_leash_walk_avg_hours","Average number of hours of leash-walking:"," 0 | 1 | 2 | 3 | 4 | 5 | 6 | 7 | 8","0 | 1 | 2 | 3 | 4 | 5 | 6 | 7 | 8+","pa","Physical Activity",9,FALSE
"HLES_dog_owner","pa_on_leash_walk_avg_minutes","Average number of minutes of leash-walking:","0 | 1 | 2 | 3 | 4 | 5","0 | 10 | 20 | 30 | 40 | 50","pa","Physical Activity",6,FALSE
"HLES_dog_owner","pa_on_leash_walk_slow_pace_pct","What % of the time are your on-leash activities at a slow pace?","Numeric",NA,"pa","Physical Activity",1,FALSE
"HLES_dog_owner","pa_on_leash_walk_average_pace_pct","What % of the time are your on-leash activities at an average pace?","Numeric",NA,"pa","Physical Activity",1,FALSE
"HLES_dog_owner","pa_on_leash_walk_brisk_pace_pct","What % of the time are your on-leash activities at a brisk pace?","Numeric",NA,"pa","Physical Activity",1,FALSE
"HLES_dog_owner","pa_on_leash_walk_jog_pace_pct","What % of the time are your on-leash activities at a jogging pace?","Numeric",NA,"pa","Physical Activity",1,FALSE
"HLES_dog_owner","pa_on_leash_walk_run_pace_pct","What % of the time are your on-leash activities at a running pace?","Numeric",NA,"pa","Physical Activity",1,FALSE
"HLES_dog_owner","pa_on_leash_walk_reasons_dog_relieve_itself","What is the reason for your activities? Allow dog to relieve itself","True | False","Yes | No","pa","Physical Activity",2,TRUE
"HLES_dog_owner","pa_on_leash_walk_reasons_activity_and_enjoyment","What is the reason for your activities? General activity and enjoyment","True | False","Yes | No","pa","Physical Activity",2,TRUE
"HLES_dog_owner","pa_on_leash_walk_reasons_exercise_for_dog","What is the reason for your activities? Exercise for the dog","True | False","Yes | No","pa","Physical Activity",2,TRUE
"HLES_dog_owner","pa_on_leash_walk_reasons_exercise_for_owner","What is the reason for your activities? Exercise for you","True | False","Yes | No","pa","Physical Activity",2,TRUE
"HLES_dog_owner","pa_on_leash_walk_reasons_training_obedience","What is the reason for your activities? Training and obedience","True | False","Yes | No","pa","Physical Activity",2,TRUE
"HLES_dog_owner","pa_on_leash_walk_reasons_other","What is the reason for your activities? Other","True | False","Yes | No","pa","Physical Activity",2,TRUE
"HLES_dog_owner","pa_off_leash_walk_frequency","Over the past year, what is the average frequency that your dog is active without a lead/leash?","1 | 2 | 3 | 4 | 5 | 6"," Less than once a month  |  Less than once a week  |  Once or twice a week  |  3-6 times a week  |  Once a day  |  More than once a day","pa","Physical Activity",6,TRUE
"HLES_dog_owner","pa_off_leash_walk_avg_hours","Average number of hours of off-leash walking:"," 0 | 1 | 2 | 3 | 4 | 5 | 6 | 7 | 8"," 0 | 1 | 2 | 3 | 4 | 5 | 6 | 7 | 8+","pa","Physical Activity",9,FALSE
"HLES_dog_owner","pa_off_leash_walk_avg_minutes","Average number of minutes of off-leash walking:","0 | 1 | 2 | 3 | 4 | 5","0 | 10 | 20 | 30 | 40 | 50","pa","Physical Activity",6,FALSE
"HLES_dog_owner","pa_off_leash_walk_slow_pace_pct","What % of the time are your off-leash activities slow?","Numeric",NA,"pa","Physical Activity",1,FALSE
"HLES_dog_owner","pa_off_leash_walk_average_pace_pct","What % of the time are your off-leash activities average?","Numeric",NA,"pa","Physical Activity",1,FALSE
"HLES_dog_owner","pa_off_leash_walk_brisk_pace_pct","What % of the time are your off-leash activities at a brisk pace?","Numeric",NA,"pa","Physical Activity",1,FALSE
"HLES_dog_owner","pa_off_leash_walk_jog_pace_pct","What % of the time are your off-leash activities at a jogging pace?","Numeric",NA,"pa","Physical Activity",1,FALSE
"HLES_dog_owner","pa_off_leash_walk_run_pace_pct","What % of the time are your off-leash activities at a running pace?","Numeric",NA,"pa","Physical Activity",1,FALSE
"HLES_dog_owner","pa_off_leash_walk_reasons_dog_relieve_itself","What is the reason for your activities? Allow dog to relieve itself","True | False","Yes | No","pa","Physical Activity",2,TRUE
"HLES_dog_owner","pa_off_leash_walk_reasons_activity_and_enjoyment","What is the reason for your activities? General activity and enjoyment","True | False","Yes | No","pa","Physical Activity",2,TRUE
"HLES_dog_owner","pa_off_leash_walk_reasons_exercise_for_dog","What is the reason for your activities? Exercise for the dog","True | False","Yes | No","pa","Physical Activity",2,TRUE
"HLES_dog_owner","pa_off_leash_walk_reasons_exercise_for_owner","What is the reason for your activities? Exercise for you","True | False","Yes | No","pa","Physical Activity",2,TRUE
"HLES_dog_owner","pa_off_leash_walk_reasons_training_obedience","What is the reason for your activities? Training and obedience","True | False","Yes | No","pa","Physical Activity",2,TRUE
"HLES_dog_owner","pa_off_leash_walk_reasons_other","What is the reason for your activities? Other","True | False","Yes | No","pa","Physical Activity",2,TRUE
"HLES_dog_owner","pa_off_leash_walk_in_enclosed_area","When your dog is off leash, are they ever in an area defined by some type of boundary other than roads, like fences (above ground or electric) or walls?","True | False","Yes | No","pa","Physical Activity",2,TRUE
"HLES_dog_owner","pa_off_leash_walk_in_open_area","When your dog is off leash, are they ever in an area with no obvious edges or boundaries, such as fences or walls?","True | False","Yes | No","pa","Physical Activity",2,TRUE
"HLES_dog_owner","pa_off_leash_walk_returns_when_called_frequency","How frequently does your dog come back when called while off leash?","1 | 2 | 3 | 4 | 5 | 0"," Always  |  Most of the time  |  Frequently  |  Sometimes  |  Rarely  |  Never","pa","Physical Activity",6,TRUE
"HLES_dog_owner","pa_physical_games_frequency","How often does your dog fetch items or play other games (such as Frisbee) that involve physical activity?","1 | 2 | 3 | 4 | 5"," Daily  |  Weekly  |  Monthly  |  Rarely  |  Never","pa","Physical Activity",5,TRUE
"HLES_dog_owner","pa_swim","Does your dog go swimming?","True | False","Yes | No","pa","Physical Activity",2,TRUE
"HLES_dog_owner","pa_swim_moderate_weather_frequency","How often does your dog go swimming in moderate weather (40-85 degrees Fahrenheit)?","1 | 2 | 3 | 4 | 5"," Daily  |  Weekly  |  Monthly  |  Rarely  |  Never","pa","Physical Activity",5,TRUE
"HLES_dog_owner","pa_swim_hot_weather_frequency","How often does your dog go swimming in hot weather (over 85 degrees Fahrenheit)?","1 | 2 | 3 | 4 | 5"," Daily  |  Weekly  |  Monthly  |  Rarely  |  Never","pa","Physical Activity",5,TRUE
"HLES_dog_owner","pa_swim_cold_weather_frequency","How often does your dog go swimming in cold weather (below 40 degrees Fahrenheit)?","1 | 2 | 3 | 4 | 5"," Daily  |  Weekly  |  Monthly  |  Rarely  |  Never","pa","Physical Activity",5,TRUE
"HLES_dog_owner","pa_swim_locations_swimming_pool","Where does your dog regularly swim? Swimming pool","True | False","Yes | No","pa","Physical Activity",2,TRUE
"HLES_dog_owner","pa_swim_locations_pond_or_lake","Where does your dog regularly swim? Pond or lake","True | False","Yes | No","pa","Physical Activity",2,TRUE
"HLES_dog_owner","pa_swim_locations_river_stream_or_creek","Where does your dog regularly swim? River, stream, or creek","True | False","Yes | No","pa","Physical Activity",2,TRUE
"HLES_dog_owner","pa_swim_locations_agricultural_ditch","Where does your dog regularly swim? Agricultural ditch","True | False","Yes | No","pa","Physical Activity",2,TRUE
"HLES_dog_owner","pa_swim_locations_ocean","Where does your dog regularly swim? Ocean","True | False","Yes | No","pa","Physical Activity",2,TRUE
"HLES_dog_owner","pa_swim_locations_other","Where does your dog regularly swim? Other","True | False","Yes | No","pa","Physical Activity",2,TRUE
"HLES_dog_owner","pa_other_aerobic_activity_frequency","Other than the on-leash and off-leash activities already described above, what is the average frequency that your dog gets other aerobic (elevated heart rate) activity? These might include working, mushing, or herding.","0 | 1 | 2 | 3 | 4 | 5 | 6"," Never  |  Less than once a month  |  Less than once a week  |  Once or twice a week  |  3-6 times a week  |  Once a day  |  More than once a day","pa","Physical Activity",7,TRUE
"HLES_dog_owner","pa_other_aerobic_activity_avg_hours","Average number of hours of other aerobic activity:","0 | 1 | 2 | 3 | 4 | 5 | 6 | 7 | 8","0 | 1 | 2 | 3 | 4 | 5 | 6 | 7 | 8+","pa","Physical Activity",9,FALSE
"HLES_dog_owner","pa_other_aerobic_activity_avg_minutes","Average number of minutes of other aerobic activity:","0 | 1 | 2 | 3 | 4 | 5","0 | 10 | 20 | 30 | 40 | 50","pa","Physical Activity",6,FALSE
"HLES_dog_owner","pa_other_aerobic_activity_avg_intensity","During these periods of other aerobic activity, which of the following best describes your dog's activity level?","1 | 2 | 3"," Bursts of exercise less than 30% of the time  |  Engages in moderate exercise (greater than 30% of the time but less than 60% of the time)  |  Engages in strenuous exercise most of the time (greater than 60%)","pa","Physical Activity",3,TRUE
"HLES_dog_owner","de_lifetime_residence_count","Other than what is listed above, how many additional residences have you lived in with your dog in their lifetime?","0 | 1 | 2 | 3 | 4 | 5 | 6 | 7 | 8 | 9 | 10","0 | 1 | 2 | 3 | 4 | 5 | 6 | 7 | 8 | 9 | 10","de","Dog Environment",11,FALSE
"HLES_dog_owner","de_past_residence_zip_count","Other than what is listed above, how many ZIP codes in the US have you lived in with your dog?","0 | 1 | 2 | 3 | 4 | 5 | 6 | 7 | 8 | 9 | 10","0 | 1 | 2 | 3 | 4 | 5 | 6 | 7 | 8 | 9 | 10","de","Dog Environment",11,FALSE
"HLES_dog_owner","de_past_residence_country_count","Other than the United States, how many other countries have you lived in with your dog?","0 | 1 | 2 | 3 | 4 | 5 | 6 | 7 | 8 | 9 | 10","0 | 1 | 2 | 3 | 4 | 5 | 6 | 7 | 8 | 9 | 10","de","Dog Environment",11,FALSE
"HLES_dog_owner","de_home_area_type","What type of area is your primary residence located in?","1 | 2 | 3"," Urban (residing inside the city)  |  Suburban (residing outside of an urban center |  Rural (living outside of the city and suburbs","de","Dog Environment",3,TRUE
"HLES_dog_owner","de_home_type","What type of dwelling is your primary residence?","1 | 2 | 3 | 4 | 5 | 98"," Single family  |  Multifamily (such as a duplex)  |  Apartment  |  Condo or townhome  |  Mobile home or RV  |  Other","de","Dog Environment",6,TRUE
"HLES_dog_owner","de_home_construction_decade","Approximately when was your home built?","1 | 2 | 3 | 4 | 5 | 6 | 7 | 8 | 9 | 10 | 11 | 12 | 13","< 1900  | 1900s  | 1910s  | 1920s  | 1930s  | 1940s  | 1950s  | 1960s  | 1970s  | 1980s  | 1990s  | 2000s  | 2010-current","de","Dog Environment",13,TRUE
"HLES_dog_owner","de_home_years_lived_in","How many years have you lived in this home?","0 | 1 | 2 | 3 | 4 | 5 | 6 | 7 | 8 | 9 | 10 | 11 | 12 | 13 | 14 | 15","Less than 1 | 1 | 2 | 3 | 4 | 5 | 6 | 7 | 8 | 9 | 10 | 11 | 12 | 13 | 14 | 15+","de","Dog Environment",16,FALSE
"HLES_dog_owner","de_home_square_footage","What is the approximate square footage of your home, including only spaces that are finished and heated?","Numeric",NA,"de","Dog Environment",1,FALSE
"HLES_dog_owner","de_primary_heat_fuel","Primary heating fuel source:","1 | 2 | 3 | 4 | 5 | 99 | 98"," Natural gas  |  Electric  |  Oil  |  Wood  |  Propane  |  Unknown  |  Other","de","Dog Environment",7,TRUE
"HLES_dog_owner","de_secondary_heat_fuel_used","Does your home have a secondary heating fuel source?","1 | 0 | 99"," Yes  |  No  |  Unknown","de","Dog Environment",3,TRUE
"HLES_dog_owner","de_secondary_heat_fuel","Secondary heating fuel source:","1 | 2 | 3 | 4 | 5 | 99 | 98"," Natural gas  |  Electric  |  Oil  |  Wood  |  Propane  |  Unknown  |  Other","de","Dog Environment",7,TRUE
"HLES_dog_owner","de_primary_stove_fuel","Which of the following is the fuel that heats the stove you use for cooking most often in your home?","1 | 2 | 3 | 4 | 5 | 99 | 98"," Natural gas  |  Electric  |  Oil  |  Wood  |  Propane  |  Unknown  |  Other","de","Dog Environment",7,TRUE
"HLES_dog_owner","de_secondary_stove_fuel_used","Do you use any other fuel source for cooking at home?","1 | 0 | 99"," Yes  |  No  |  Unknown","de","Dog Environment",3,TRUE
"HLES_dog_owner","de_secondary_stove_fuel","Secondary cooking fuel source:","1 | 2 | 3 | 4 | 5 | 99 | 98"," Natural gas  |  Electric  |  Oil  |  Wood  |  Propane  |  Unknown  |  Other","de","Dog Environment",7,TRUE
"HLES_dog_owner","de_drinking_water_source","What is your dog's usual source of drinking water?","1 | 2 | 3 | 4 | 98 | 99"," Municipal  |  Non-municipal well water (treated/filtered)  |  Non-municipal well water (untreated/unfiltered)  |  Bottled or commercially delivered  |  Other  |  Don't know","de","Dog Environment",6,TRUE
"HLES_dog_owner","de_drinking_water_is_filtered","Do you use water filtration for your dog's drinking water?","1 | 0 | 99"," Yes  |  No  |  Unknown","de","Dog Environment",3,TRUE
"HLES_dog_owner","de_pipe_type","Do you know what types of pipes are in your home (inbound water)? What type of pipes do you have in your home?","1 | 2 | 98 | 99","Copper or metal | PVC or plastic | Other | Don't know","de","Dog Environment",4,TRUE
"HLES_dog_owner","de_second_hand_smoke_hours_per_day","Please indicate the number of hours per day, on average, over the past two months that your dog has been exposed to secondhand smoke from all sources, including cigarettes, cigars, and pipes.","0 | 1 | 2 | 3 | 4 | 5 | 6 | 7 | 8 | 9 | 10 | 11 | 12 | 13 | 14 | 15 | 16 | 17 | 18 | 19 | 20 | 21 | 22 | 23 | 24","0 | 1 | 2 | 3 | 4 | 5 | 6 | 7 | 8 | 9 | 10 | 11 | 12 | 13 | 14 | 15 | 16 | 17 | 18 | 19 | 20 | 21 | 22 | 23 | 24","de","Dog Environment",25,FALSE
"HLES_dog_owner","de_central_air_conditioning_present","Central air conditioning present:","1 | 0 | 99"," Yes  |  No  |  Unknown","de","Dog Environment",3,TRUE
"HLES_dog_owner","de_room_or_window_air_conditioning_present","Room or window unit air conditioner present:","1 | 0 | 99"," Yes  |  No  |  Unknown","de","Dog Environment",3,TRUE
"HLES_dog_owner","de_central_heat_present","Central heat present:","1 | 0 | 99"," Yes  |  No  |  Unknown","de","Dog Environment",3,TRUE
"HLES_dog_owner","de_asbestos_present","Asbestos present:","1 | 0 | 99"," Yes  |  No  |  Unknown","de","Dog Environment",3,TRUE
"HLES_dog_owner","de_radon_present","Radon present:","1 | 0 | 99"," Yes  |  No  |  Unknown","de","Dog Environment",3,TRUE
"HLES_dog_owner","de_lead_present","Lead paint present:","1 | 0 | 99"," Yes  |  No  |  Unknown","de","Dog Environment",3,TRUE
"HLES_dog_owner","de_mothball_present","Moth balls present:","1 | 0 | 99"," Yes  |  No  |  Unknown","de","Dog Environment",3,TRUE
"HLES_dog_owner","de_incense_present","Incense or scented candles present:","1 | 0 | 99"," Yes  |  No  |  Unknown","de","Dog Environment",3,TRUE
"HLES_dog_owner","de_air_freshener_present","Aerosol or plug-in air fresheners present:","1 | 0 | 99"," Yes  |  No  |  Unknown","de","Dog Environment",3,TRUE
"HLES_dog_owner","de_air_cleaner_present","Stand-alone air cleaners present:","1 | 0 | 99"," Yes  |  No  |  Unknown","de","Dog Environment",3,TRUE
"HLES_dog_owner","de_hepa_present","HEPA filters in air circulation present:","1 | 0 | 99"," Yes  |  No  |  Unknown","de","Dog Environment",3,TRUE
"HLES_dog_owner","de_wood_fireplace_present","Wood burning fireplace or wood stove present:","1 | 0 | 99"," Yes  |  No  |  Unknown","de","Dog Environment",3,TRUE
"HLES_dog_owner","de_gas_fireplace_present","Gas fireplace present:","1 | 0 | 99"," Yes  |  No  |  Unknown","de","Dog Environment",3,TRUE
"HLES_dog_owner","de_wood_fireplace_lightings_per_week","Number of times wood burning fireplace or wood stove is lit per week during cold months:","0 | 97 | 1 | 2 | 3 | 4 | 5 | 6 | 7 | 8 | 9 | 10","0 | < 1 | 1 | 2 | 3 | 4 | 5 | 6 | 7 | 8 | 9 | 10+","de","Dog Environment",12,FALSE
"HLES_dog_owner","de_gas_fireplace_lightings_per_week","Number of times gas fireplace is lit per week during cold months:","0 | 97 | 1 | 2 | 3 | 4 | 5 | 6 | 7 | 8 | 9 | 10","0 | < 1 | 1 | 2 | 3 | 4 | 5 | 6 | 7 | 8 | 9 | 10+","de","Dog Environment",12,FALSE
"HLES_dog_owner","de_floor_types_wood","Wood","True | False","Yes | No","de","Dog Environment",2,TRUE
"HLES_dog_owner","de_floor_frequency_on_wood","How often is the dog on this flooring type?","3 | 2 | 1 | 0"," Very often  |  Occasionally  |  Rarely  |  Never","de","Dog Environment",4,TRUE
"HLES_dog_owner","de_floor_types_carpet","Carpet","True | False","Yes | No","de","Dog Environment",2,TRUE
"HLES_dog_owner","de_floor_frequency_on_carpet","How often is the dog on this flooring type?","3 | 2 | 1 | 0"," Very often  |  Occasionally  |  Rarely  |  Never","de","Dog Environment",4,TRUE
"HLES_dog_owner","de_floor_types_concrete","Concrete","True | False","Yes | No","de","Dog Environment",2,TRUE
"HLES_dog_owner","de_floor_frequency_on_concrete","How often is the dog on this flooring type?","3 | 2 | 1 | 0"," Very often  |  Occasionally  |  Rarely  |  Never","de","Dog Environment",4,TRUE
"HLES_dog_owner","de_floor_types_tile","Tile (ceramic or porcelain), stone","True | False","Yes | No","de","Dog Environment",2,TRUE
"HLES_dog_owner","de_floor_frequency_on_tile","How often is the dog on this flooring type?","3 | 2 | 1 | 0"," Very often  |  Occasionally  |  Rarely  |  Never","de","Dog Environment",4,TRUE
"HLES_dog_owner","de_floor_types_linoleum","Linoleum","True | False","Yes | No","de","Dog Environment",2,TRUE
"HLES_dog_owner","de_floor_frequency_on_linoleum","How often is the dog on this flooring type?","3 | 2 | 1 | 0"," Very often  |  Occasionally  |  Rarely  |  Never","de","Dog Environment",4,TRUE
"HLES_dog_owner","de_floor_types_laminate","Laminate","True | False","Yes | No","de","Dog Environment",2,TRUE
"HLES_dog_owner","de_floor_frequency_on_laminate","How often is the dog on this flooring type?","3 | 2 | 1 | 0"," Very often  |  Occasionally  |  Rarely  |  Never","de","Dog Environment",4,TRUE
"HLES_dog_owner","de_floor_types_other","Is there another flooring type in your home?","True | False","Yes | No","de","Dog Environment",2,TRUE
"HLES_dog_owner","de_floor_frequency_on_other","How often is the dog on this flooring type?","3 | 2 | 1 | 0"," Very often  |  Occasionally  |  Rarely  |  Never","de","Dog Environment",4,TRUE
"HLES_dog_owner","de_stairs_in_home","Is there a staircase with more than 8 stairs that your dog uses regularly?","True | False","Yes | No","de","Dog Environment",2,TRUE
"HLES_dog_owner","de_stairs_avg_flights_per_day","On a typical day, about how many times does your dog go up or down the stairs?","0 | 97 | 1 | 2 | 3 | 4 | 5 | 6 | 7 | 8 | 9 | 10 | 11 | 12 | 13 | 14 | 15 | 16 | 17 | 18 | 19 | 20","0 | < 1 | 1 | 2 | 3 | 4 | 5 | 6 | 7 | 8 | 9 | 10 | 11 | 12 | 13 | 14 | 15 | 16 | 17 | 18 | 19 | 20+","de","Dog Environment",22,FALSE
"HLES_dog_owner","de_property_area","About how large is the yard or property at your residence?","0 | 1 | 2 | 3 | 4 | 5 | 6"," I do not have a yard or my dog does not use a yard  |  Less than 500 square feet  |  500 to 1000 square feet  |  1000 to 5000 square feet  |  Between 5000 square feet and 1 acre  |  1 - 3 acres  |  More than 3 acres","de","Dog Environment",7,TRUE
"HLES_dog_owner","de_property_accessible","Does your dog have regular access to the yard or property?","True | False","Yes | No","de","Dog Environment",2,TRUE
"HLES_dog_owner","de_property_area_accessible","How much of the yard or property does your dog have regular access to?","1 | 2 | 3 | 4 | 5 | 6"," Less than 500 square feet  |  500 to 1000 square feet  |  1000 to 5000 square feet  |  Between 5000 square feet and 1 acre  |  1 - 3 acres  |  More than 3 acres","de","Dog Environment",6,TRUE
"HLES_dog_owner","de_property_containment_type","Is your dog contained within the yard when they have access?","1 | 2 | 3 | 5 | 6 | 4 | 0"," Yes, dog is contained by a fence or barrier  |  Yes, dog is contained by a lead or chain  |  Yes, dog is contained in a kennel  |  Yes, dog is contained by an invisible fence  |  Yes, dog is contained by an electric fence  |  Yes, dog is contained in another way  |  No, dog is not contained","de","Dog Environment",7,TRUE
"HLES_dog_owner","de_property_drinking_water_none","When your dog is outside, which sources of drinking water do they use? None","True | False","Yes | No","de","Dog Environment",2,TRUE
"HLES_dog_owner","de_property_drinking_water_bowl","When your dog is outside, which sources of drinking water do they use? Bowl","True | False","Yes | No","de","Dog Environment",2,TRUE
"HLES_dog_owner","de_property_drinking_water_hose","When your dog is outside, which sources of drinking water do they use? Hose","True | False","Yes | No","de","Dog Environment",2,TRUE
"HLES_dog_owner","de_property_drinking_water_puddles","When your dog is outside, which sources of drinking water do they use? Puddles","True | False","Yes | No","de","Dog Environment",2,TRUE
"HLES_dog_owner","de_property_drinking_water_unknown","When your dog is outside, which sources of drinking water do they use? Other","True | False","Yes | No","de","Dog Environment",2,TRUE
"HLES_dog_owner","de_property_drinking_water_other","When your dog is outside, which sources of drinking water do they use? Don't know","True | False","Yes | No","de","Dog Environment",2,TRUE
"HLES_dog_owner","de_property_weed_control_frequency","Is your yard treated to control weeds? How often applied?","1 | 2 | 3 | 4 | 5 | 0 | 99"," Regularly applied, year round  |  Regularly applied, seasonally (part of the year)  |  Irregularly applied, year round  |  Irregularly applied, seasonally (part of the year)  |  Infrequently  |  Never | Unknown","de","Dog Environment",7,TRUE
"HLES_dog_owner","de_property_pest_control_frequency","Is your home treated to control insects and pests? How often applied?","1 | 2 | 3 | 4 | 5 | 0 | 99"," Regularly applied, year round  |  Regularly applied, seasonally (part of the year)  |  Irregularly applied, year round  |  Irregularly applied, seasonally (part of the year)  |  Infrequently  |  Never | Unknown","de","Dog Environment",7,TRUE
"HLES_dog_owner","de_traffic_noise_in_home_frequency","How often can traffic noise be heard from inside your home?","0 | 1 | 2 | 3 | 4 | 99"," Never  |  Seldom  |  Sometimes  |  Usually  |  Always  |  Unknown","de","Dog Environment",6,TRUE
"HLES_dog_owner","de_traffic_noise_in_property_frequency","How often can traffic noise be heard from your yard?","0 | 1 | 2 | 3 | 4 | 99"," Never  |  Seldom  |  Sometimes  |  Usually  |  Always  |  Unknown","de","Dog Environment",6,TRUE
"HLES_dog_owner","de_neighborhood_has_sidewalks","Are there sidewalks present in your neighborhood?","1 | 2 | 0","Yes, on all the streets |  Yes, on some streets |  No","de","Dog Environment",3,TRUE
"HLES_dog_owner","de_neighborhood_has_parks","Are there parks or green spaces within half a mile of your home?","True | False","Yes | No","de","Dog Environment",2,TRUE
"HLES_dog_owner","de_interacts_with_neighborhood_animals","Does your dog interact with other animals in your neighborhood?","True | False","Yes | No","de","Dog Environment",2,TRUE
"HLES_dog_owner","de_interacts_with_neighborhood_animals_with_owner","Are you always present when this interaction occurs?","True | False","Yes | No","de","Dog Environment",2,TRUE
"HLES_dog_owner","de_interacts_with_neighborhood_humans","Does your dog interact with other humans in your neighborhood?","True | False","Yes | No","de","Dog Environment",2,TRUE
"HLES_dog_owner","de_interacts_with_neighborhood_humans_with_owner","Are you always present when this interaction occurs?","True | False","Yes | No","de","Dog Environment",2,TRUE
"HLES_dog_owner","de_dogpark","Do you ever take your dog to parks or open spaces built specifically for dogs (dog parks)?","True | False","Yes | No","de","Dog Environment",2,TRUE
"HLES_dog_owner","de_dogpark_days_per_month","On average, how many days per month does this occur?","97  | 1 | 2 | 3 | 4 | 5 | 6 | 7 | 8 | 9 | 10 | 11 | 12 | 13 | 14 | 15 | 16 | 17 | 18 | 19 | 20 | 21 | 22 | 23 | 24 | 25 | 26 | 27 | 28 | 29 | 30 | 31","< 1 | 1 | 2 | 3 | 4 | 5 | 6 | 7 | 8 | 9 | 10 | 11 | 12 | 13 | 14 | 15 | 16 | 17 | 18 | 19 | 20 | 21 | 22 | 23 | 24 | 25 | 26 | 27 | 28 | 29 | 30 | 31","de","Dog Environment",32,FALSE
"HLES_dog_owner","de_dogpark_travel_walk","When you take your dog to these other locations, how do you typically get there? Walk","True | False","Yes | No","de","Dog Environment",2,TRUE
"HLES_dog_owner","de_dogpark_travel_drive","When you take your dog to these other locations, how do you typically get there? Drive (car or other vehicle)","True | False","Yes | No","de","Dog Environment",2,TRUE
"HLES_dog_owner","de_dogpark_travel_bike","When you take your dog to these other locations, how do you typically get there? Bike","True | False","Yes | No","de","Dog Environment",2,TRUE
"HLES_dog_owner","de_dogpark_travel_public_transportation","When you take your dog to these other locations, how do you typically get there? Public transportation","True | False","Yes | No","de","Dog Environment",2,TRUE
"HLES_dog_owner","de_dogpark_travel_other","When you take your dog to these other locations, how do you typically get there? Other","True | False","Yes | No","de","Dog Environment",2,TRUE
"HLES_dog_owner","de_dogpark_travel_time_hours","How many hours does it take to get to the dog park?","0 | 1 | 2 | 3 | 4 | 5 | 6 | 7 | 8 | 9 | 10 | 11 | 12","0 | 1 | 2 | 3 | 4 | 5 | 6 | 7 | 8 | 9 | 10 | 11 | 12+","de","Dog Environment",13,FALSE
"HLES_dog_owner","de_dogpark_travel_time_minutes","How many minutes does it take to get to the dog park?","0 | 15 | 30 | 45","0 | 15 | 30 | 45","de","Dog Environment",4,FALSE
"HLES_dog_owner","de_recreational_spaces","Do you ever take your dog to parks or other open spaces meant for recreational activities?","True | False","Yes | No","de","Dog Environment",2,TRUE
"HLES_dog_owner","de_recreational_spaces_days_per_month","On average, how many days per month does this occur?","97  | 1 | 2 | 3 | 4 | 5 | 6 | 7 | 8 | 9 | 10 | 11 | 12 | 13 | 14 | 15 | 16 | 17 | 18 | 19 | 20 | 21 | 22 | 23 | 24 | 25 | 26 | 27 | 28 | 29 | 30 | 31","< 1 | 1 | 2 | 3 | 4 | 5 | 6 | 7 | 8 | 9 | 10 | 11 | 12 | 13 | 14 | 15 | 16 | 17 | 18 | 19 | 20 | 21 | 22 | 23 | 24 | 25 | 26 | 27 | 28 | 29 | 30 | 31","de","Dog Environment",32,FALSE
"HLES_dog_owner","de_recreational_spaces_travel_walk","When you take your dog to these other locations, how do you typically get there? Walk","True | False","Yes | No","de","Dog Environment",2,TRUE
"HLES_dog_owner","de_recreational_spaces_travel_drive","When you take your dog to these other locations, how do you typically get there? Drive (car or other vehicle)","True | False","Yes | No","de","Dog Environment",2,TRUE
"HLES_dog_owner","de_recreational_spaces_travel_bike","When you take your dog to these other locations, how do you typically get there? Bike","True | False","Yes | No","de","Dog Environment",2,TRUE
"HLES_dog_owner","de_recreational_spaces_travel_public_transportation","When you take your dog to these other locations, how do you typically get there? Public transportation","True | False","Yes | No","de","Dog Environment",2,TRUE
"HLES_dog_owner","de_recreational_spaces_travel_other","When you take your dog to these other locations, how do you typically get there? Other","True | False","Yes | No","de","Dog Environment",2,TRUE
"HLES_dog_owner","de_recreational_spaces_travel_time_hours","How many hours does it take to get to the park/open space?","0 | 1 | 2 | 3 | 4 | 5 | 6 | 7 | 8 | 9 | 10 | 11 | 12","0 | 1 | 2 | 3 | 4 | 5 | 6 | 7 | 8 | 9 | 10 | 11 | 12+","de","Dog Environment",13,FALSE
"HLES_dog_owner","de_recreational_spaces_travel_time_minutes","How many minutes does it take to get to the park/open space?","0 | 15 | 30 | 45","0 | 15 | 30 | 45","de","Dog Environment",4,FALSE
"HLES_dog_owner","de_work","Do you ever take your dog to work?","True | False","Yes | No","de","Dog Environment",2,TRUE
"HLES_dog_owner","de_work_days_per_month","On average, how many days per month does this occur?","97  | 1 | 2 | 3 | 4 | 5 | 6 | 7 | 8 | 9 | 10 | 11 | 12 | 13 | 14 | 15 | 16 | 17 | 18 | 19 | 20 | 21 | 22 | 23 | 24 | 25 | 26 | 27 | 28 | 29 | 30 | 31","< 1 | 1 | 2 | 3 | 4 | 5 | 6 | 7 | 8 | 9 | 10 | 11 | 12 | 13 | 14 | 15 | 16 | 17 | 18 | 19 | 20 | 21 | 22 | 23 | 24 | 25 | 26 | 27 | 28 | 29 | 30 | 31","de","Dog Environment",32,FALSE
"HLES_dog_owner","de_work_travel_walk","When you take your dog to work, how do you typically get there? Walk","True | False","Yes | No","de","Dog Environment",2,TRUE
"HLES_dog_owner","de_work_travel_drive","When you take your dog to work, how do you typically get there? Drive (car or other vehicle)","True | False","Yes | No","de","Dog Environment",2,TRUE
"HLES_dog_owner","de_work_travel_bike","When you take your dog to work, how do you typically get there? Bike","True | False","Yes | No","de","Dog Environment",2,TRUE
"HLES_dog_owner","de_work_travel_public_transportation","When you take your dog to work, how do you typically get there? Public transportation","True | False","Yes | No","de","Dog Environment",2,TRUE
"HLES_dog_owner","de_work_travel_other","When you take your dog to work, how do you typically get there? Other","True | False","Yes | No","de","Dog Environment",2,TRUE
"HLES_dog_owner","de_work_travel_time_hours","How many hours does it take to get to work?","0 | 1 | 2 | 3 | 4 | 5 | 6 | 7 | 8 | 9 | 10 | 11 | 12","0 | 1 | 2 | 3 | 4 | 5 | 6 | 7 | 8 | 9 | 10 | 11 | 12+","de","Dog Environment",13,FALSE
"HLES_dog_owner","de_work_travel_time_minutes","How many minutes does it take to get to work?","0 | 15 | 30 | 45","0 | 15 | 30 | 45","de","Dog Environment",4,FALSE
"HLES_dog_owner","de_sitter_or_daycare","Do you ever take your dog to a sitter or daycare center?","True | False","Yes | No","de","Dog Environment",2,TRUE
"HLES_dog_owner","de_sitter_or_daycare_days_per_month","On average, how many days per month does this occur?","97  | 1 | 2 | 3 | 4 | 5 | 6 | 7 | 8 | 9 | 10 | 11 | 12 | 13 | 14 | 15 | 16 | 17 | 18 | 19 | 20 | 21 | 22 | 23 | 24 | 25 | 26 | 27 | 28 | 29 | 30 | 31","< 1 | 1 | 2 | 3 | 4 | 5 | 6 | 7 | 8 | 9 | 10 | 11 | 12 | 13 | 14 | 15 | 16 | 17 | 18 | 19 | 20 | 21 | 22 | 23 | 24 | 25 | 26 | 27 | 28 | 29 | 30 | 31","de","Dog Environment",32,FALSE
"HLES_dog_owner","de_sitter_or_daycare_travel_walk","When you take your dog to a sitter or daycare center, how do you typically get there? Walk","True | False","Yes | No","de","Dog Environment",2,TRUE
"HLES_dog_owner","de_sitter_or_daycare_travel_drive","When you take your dog to a sitter or daycare center, how do you typically get there? Drive (car or other vehicle)","True | False","Yes | No","de","Dog Environment",2,TRUE
"HLES_dog_owner","de_sitter_or_daycare_travel_bike","When you take your dog to a sitter or daycare center, how do you typically get there? Bike","True | False","Yes | No","de","Dog Environment",2,TRUE
"HLES_dog_owner","de_sitter_or_daycare_travel_public_transportation","When you take your dog to a sitter or daycare center, how do you typically get there? Public transportation","True | False","Yes | No","de","Dog Environment",2,TRUE
"HLES_dog_owner","de_sitter_or_daycare_travel_other","When you take your dog to a sitter or daycare center, how do you typically get there? Other","True | False","Yes | No","de","Dog Environment",2,TRUE
"HLES_dog_owner","de_sitter_or_daycare_travel_time_hours","How many hours does it take to get to the sitter/daycare?","0 | 1 | 2 | 3 | 4 | 5 | 6 | 7 | 8 | 9 | 10 | 11 | 12","0 | 1 | 2 | 3 | 4 | 5 | 6 | 7 | 8 | 9 | 10 | 11 | 12+","de","Dog Environment",13,FALSE
"HLES_dog_owner","de_sitter_or_daycare_travel_time_minutes","How many minutes does it take to get to the sitter/daycare?","0 | 15 | 30 | 45","0 | 15 | 30 | 45","de","Dog Environment",4,FALSE
"HLES_dog_owner","de_eats_grass_frequency","How often do you see your dog eating grass?","1 | 2 | 0"," Frequently  |  Infrequently  |  Never","de","Dog Environment",3,TRUE
"HLES_dog_owner","de_eats_feces","Does your dog consume feces?","1 | 0 | 99"," Yes  |  No  |  Unknown","de","Dog Environment",3,TRUE
"HLES_dog_owner","de_eats_feces_own_feces","What type of feces does your dog consume? Dog (its own)","True | False","Yes | No","de","Dog Environment",2,TRUE
"HLES_dog_owner","de_eats_feces_other_dog","What type of feces does your dog consume? Dog (not own)","True | False","Yes | No","de","Dog Environment",2,TRUE
"HLES_dog_owner","de_eats_feces_cat","What type of feces does your dog consume? Cat","True | False","Yes | No","de","Dog Environment",2,TRUE
"HLES_dog_owner","de_eats_feces_horse","What type of feces does your dog consume? Horse","True | False","Yes | No","de","Dog Environment",2,TRUE
"HLES_dog_owner","de_eats_feces_cattle","What type of feces does your dog consume? Cattle","True | False","Yes | No","de","Dog Environment",2,TRUE
"HLES_dog_owner","de_eats_feces_wildlife","What type of feces does your dog consume? Wildlife (rabbit, deer, raccoon, etc.)","True | False","Yes | No","de","Dog Environment",2,TRUE
"HLES_dog_owner","de_eats_feces_other","What type of feces does your dog consume? Other","True | False","Yes | No","de","Dog Environment",2,TRUE
"HLES_dog_owner","de_drinks_outdoor_water","Does your dog drink from outdoor water sources (such as lake, river, stream, pond, puddles, etc.)?","True | False","Yes | No","de","Dog Environment",2,TRUE
"HLES_dog_owner","de_drinks_outdoor_water_frequency","How frequently?","1 | 2 | 3 | 4"," Daily  |  Weekly  |  Monthly  |  Rarely","de","Dog Environment",4,TRUE
"HLES_dog_owner","de_routine_toys","Does your dog regularly lick, chew, or play with toys?","True | False","Yes | No","de","Dog Environment",2,TRUE
"HLES_dog_owner","de_routine_toys_include_plastic","Plastic","1 | 0 | 99"," Yes  |  No  |  Unknown","de","Dog Environment",3,TRUE
"HLES_dog_owner","de_routine_toys_include_fabric_stuffed","Stuffed Fabric","1 | 0 | 99"," Yes  |  No  |  Unknown","de","Dog Environment",3,TRUE
"HLES_dog_owner","de_routine_toys_include_fabric_unstuffed","Unstuffed fabric","1 | 0 | 99"," Yes  |  No  |  Unknown","de","Dog Environment",3,TRUE
"HLES_dog_owner","de_routine_toys_include_rubber","Rubber","1 | 0 | 99"," Yes  |  No  |  Unknown","de","Dog Environment",3,TRUE
"HLES_dog_owner","de_routine_toys_include_metal","Metal","1 | 0 | 99"," Yes  |  No  |  Unknown","de","Dog Environment",3,TRUE
"HLES_dog_owner","de_routine_toys_include_animal_products","Animal origin (rawhide, pig ear, bully stick, bone, etc.)","1 | 0 | 99"," Yes  |  No  |  Unknown","de","Dog Environment",3,TRUE
"HLES_dog_owner","de_routine_toys_include_latex","Latex","1 | 0 | 99"," Yes  |  No  |  Unknown","de","Dog Environment",3,TRUE
"HLES_dog_owner","de_routine_toys_include_rope","Rope","1 | 0 | 99"," Yes  |  No  |  Unknown","de","Dog Environment",3,TRUE
"HLES_dog_owner","de_routine_toys_include_tennis_balls","Tennis ball","1 | 0 | 99"," Yes  |  No  |  Unknown","de","Dog Environment",3,TRUE
"HLES_dog_owner","de_routine_toys_include_sticks","Sticks","1 | 0 | 99"," Yes  |  No  |  Unknown","de","Dog Environment",3,TRUE
"HLES_dog_owner","de_routine_toys_include_other","Other","1 | 0 | 99"," Yes  |  No  |  Unknown","de","Dog Environment",3,TRUE
"HLES_dog_owner","de_routine_toys_hours_per_day","How many hours does your dog spend playing with toys in an average day?","0 | 97 | 1 | 2 | 3 | 4 | 5 | 6 | 7 | 8 | 9 | 10 | 11 | 12 | 13 | 14 | 15 | 16 | 17 | 18 | 19 | 20 | 21 | 22 | 23 | 24","0 | <1 | 1 | 2 | 3 | 4 | 5 | 6 | 7 | 8 | 9 | 10 | 11 | 12 | 13 | 14 | 15 | 16 | 17 | 18 | 19 | 20 | 21 | 22 | 23 | 24","de","Dog Environment",26,FALSE
"HLES_dog_owner","de_nighttime_sleep_location","Where does your dog typically sleep at night?","1 | 2 | 3 | 4 | 98"," In my room  |  Elsewhere in the house  |  In a garage or barn  |  Outside  |  Other","de","Dog Environment",5,TRUE
"HLES_dog_owner","de_nighttime_sleep_avg_hours","How many hours does your dog sleep in an average night?","99 | 0 | 1 | 2 | 3 | 4 | 5 | 6 | 7 | 8 | 9 | 10 | 11 | 12 | 13 | 14 | 15 | 16 | 17 | 18 | 19 | 20 | 21 | 22 | 23 | 24","Don't know | 0 | 1 | 2 | 3 | 4 | 5 | 6 | 7 | 8 | 9 | 10 | 11 | 12 | 13 | 14 | 15 | 16 | 17 | 18 | 19 | 20 | 21 | 22 | 23 | 24","de","Dog Environment",26,FALSE
"HLES_dog_owner","de_daytime_sleep_location_different","Does your dog sleep in a different location during the day?","True | False","Yes | No","de","Dog Environment",2,TRUE
"HLES_dog_owner","de_daytime_sleep_location","Where does your dog typically sleep during the day?","1 | 2 | 3 | 4 | 98"," In my room  |  Elsewhere in the house  |  In a garage or barn  |  Outside  |  Other","de","Dog Environment",5,TRUE
"HLES_dog_owner","de_daytime_sleep_avg_hours","How many hours does your dog sleep on an average day?","99 | 0 | 1 | 2 | 3 | 4 | 5 | 6 | 7 | 8 | 9 | 10 | 11 | 12 | 13 | 14 | 15 | 16 | 17 | 18 | 19 | 20 | 21 | 22 | 23 | 24","Don't know | 0 | 1 | 2 | 3 | 4 | 5 | 6 | 7 | 8 | 9 | 10 | 11 | 12 | 13 | 14 | 15 | 16 | 17 | 18 | 19 | 20 | 21 | 22 | 23 | 24","de","Dog Environment",26,FALSE
"HLES_dog_owner","de_licks_chews_or_plays_with_non_toys","Does your dog regularly lick or chew items in the household or environment other than toys?","True | False","Yes | No","de","Dog Environment",2,TRUE
"HLES_dog_owner","de_recent_toxins_or_hazards_ingested_frequency","In the past 12 months, how many times has your dog ingested a poison, hazardous material or unintended substance other than feces either inside or outside the home?","0 | 1 | 2"," Never  |  1-2 times  |  Greater than 2 times","de","Dog Environment",3,TRUE
"HLES_dog_owner","de_recent_toxins_or_hazards_ingested_chocolate","What was the material ingested? Chocolate","True | False","Yes | No","de","Dog Environment",2,TRUE
"HLES_dog_owner","de_recent_toxins_or_hazards_ingested_poison","What was the material ingested? Poison","True | False","Yes | No","de","Dog Environment",2,TRUE
"HLES_dog_owner","de_recent_toxins_or_hazards_ingested_human_medication","What was the material ingested? Unintended human medication","True | False","Yes | No","de","Dog Environment",2,TRUE
"HLES_dog_owner","de_recent_toxins_or_hazards_ingested_pet_medication","What was the material ingested? Unintended other pet medication","True | False","Yes | No","de","Dog Environment",2,TRUE
"HLES_dog_owner","de_recent_toxins_or_hazards_ingested_garbage_or_food","What was the material ingested? Garbage or unintended food","True | False","Yes | No","de","Dog Environment",2,TRUE
"HLES_dog_owner","de_recent_toxins_or_hazards_ingested_dead_animal","What was the material ingested? Dead animal, bird, rodent","True | False","Yes | No","de","Dog Environment",2,TRUE
"HLES_dog_owner","de_recent_toxins_or_hazards_ingested_toys","What was the material ingested? Toys/part of toys","True | False","Yes | No","de","Dog Environment",2,TRUE
"HLES_dog_owner","de_recent_toxins_or_hazards_ingested_clothing","What was the material ingested? Clothing","True | False","Yes | No","de","Dog Environment",2,TRUE
"HLES_dog_owner","de_recent_toxins_or_hazards_ingested_other","What was the material ingested? Other","True | False","Yes | No","de","Dog Environment",2,TRUE
"HLES_dog_owner","de_recent_toxins_or_hazards_ingested_required_vet","Did any of the materials ingested require a visit to your veterinarian or emergency clinic?","True | False","Yes | No","de","Dog Environment",2,TRUE
"HLES_dog_owner","de_other_present_animals","Are there other animals present in your home or on your property?","True | False","Yes | No","de","Dog Environment",2,TRUE
"HLES_dog_owner","de_other_present_animals_dogs","Dogs","True | False","Yes | No","de","Dog Environment",2,TRUE
"HLES_dog_owner","de_other_present_animals_cats","Cats","True | False","Yes | No","de","Dog Environment",2,TRUE
"HLES_dog_owner","de_other_present_animals_birds","Birds","True | False","Yes | No","de","Dog Environment",2,TRUE
"HLES_dog_owner","de_other_present_animals_reptiles","Reptiles","True | False","Yes | No","de","Dog Environment",2,TRUE
"HLES_dog_owner","de_other_present_animals_livestock","Livestock","True | False","Yes | No","de","Dog Environment",2,TRUE
"HLES_dog_owner","de_other_present_animals_horses","Horses","True | False","Yes | No","de","Dog Environment",2,TRUE
"HLES_dog_owner","de_other_present_animals_rodents","Rodents","True | False","Yes | No","de","Dog Environment",2,TRUE
"HLES_dog_owner","de_other_present_animals_fish","Fish","True | False","Yes | No","de","Dog Environment",2,TRUE
"HLES_dog_owner","de_other_present_animals_wildlife","Wildlife","True | False","Yes | No","de","Dog Environment",2,TRUE
"HLES_dog_owner","de_other_present_animals_other","Other","True | False","Yes | No","de","Dog Environment",2,TRUE
"HLES_dog_owner","de_other_present_animals_indoor_count","Total number of indoor animals EXCLUDING the dog enrolled in DAP. These include animals that are indoor/outdoor. If you are considering fish in your answer, please count them by tanks rather than individual fish.","0 | 1 | 2 | 3 | 4 | 5 | 6 | 7 | 8 | 9 | 10 | 11","0 | 1 | 2 | 3 | 4 | 5 | 6 | 7 | 8 | 9 | 10 | >10","de","Dog Environment",12,FALSE
"HLES_dog_owner","de_other_present_animals_outdoor_count","Total number of outdoor animals that live at your home EXCLUDING the dog enrolled in DAP. These are animals that live exclusively outdoors. Please do NOT include wildlife.","0 | 1 | 2 | 3 | 4 | 5 | 6 | 7 | 8 | 9 | 10 | 11","0 | 1 | 2 | 3 | 4 | 5 | 6 | 7 | 8 | 9 | 10 | >10","de","Dog Environment",12,FALSE
"HLES_dog_owner","de_other_present_animals_interact_with_dog","Does your dog interact with the other animals in or outside the home?","True | False","Yes | No","de","Dog Environment",2,TRUE
"HLES_dog_owner","de_routine_consistency","How consistent is your dog's daily routine?  We understand that this can vary. Please just provide your best estimate.","1 | 2 | 3 | 4 | 5 | 0"," Same routine every day  |  Same routine on weekdays only  |  Same routine 3-5 days a week  |  Same routine on weekends only  |  Same routine on most weekends and same routine on most weekdays  |  No daily routine/my routine varies a lot","de","Dog Environment",6,TRUE
"HLES_dog_owner","de_routine_hours_per_day_in_crate","On a typical day, how many hours does your dog spend in a crate or cage?","0 | 97 | 1 | 2 | 3 | 4 | 5 | 6 | 7 | 8 | 9 | 10 | 11 | 12 | 13 | 14 | 15 | 16 | 17 | 18 | 19 | 20 | 21 | 22 | 23 | 24","0 | <1 | 1 | 2 | 3 | 4 | 5 | 6 | 7 | 8 | 9 | 10 | 11 | 12 | 13 | 14 | 15 | 16 | 17 | 18 | 19 | 20 | 21 | 22 | 23 | 24","de","Dog Environment",26,FALSE
"HLES_dog_owner","de_routine_hours_per_day_roaming_house","On a typical day, how many hours does your dog spend free roaming in your house?","0 | 97 | 1 | 2 | 3 | 4 | 5 | 6 | 7 | 8 | 9 | 10 | 11 | 12 | 13 | 14 | 15 | 16 | 17 | 18 | 19 | 20 | 21 | 22 | 23 | 24","0 | <1 | 1 | 2 | 3 | 4 | 5 | 6 | 7 | 8 | 9 | 10 | 11 | 12 | 13 | 14 | 15 | 16 | 17 | 18 | 19 | 20 | 21 | 22 | 23 | 24","de","Dog Environment",26,FALSE
"HLES_dog_owner","de_routine_hours_per_day_in_garage","On a typical day, how many hours does your dog spend in a garage or shop?","0 | 97 | 1 | 2 | 3 | 4 | 5 | 6 | 7 | 8 | 9 | 10 | 11 | 12 | 13 | 14 | 15 | 16 | 17 | 18 | 19 | 20 | 21 | 22 | 23 | 24","0 | <1 | 1 | 2 | 3 | 4 | 5 | 6 | 7 | 8 | 9 | 10 | 11 | 12 | 13 | 14 | 15 | 16 | 17 | 18 | 19 | 20 | 21 | 22 | 23 | 24","de","Dog Environment",26,FALSE
"HLES_dog_owner","de_routine_hours_per_day_in_outdoor_kennel","On a typical day, how many hours does your dog spend in an outdoor kennel?","0 | 97 | 1 | 2 | 3 | 4 | 5 | 6 | 7 | 8 | 9 | 10 | 11 | 12 | 13 | 14 | 15 | 16 | 17 | 18 | 19 | 20 | 21 | 22 | 23 | 24","0 | <1 | 1 | 2 | 3 | 4 | 5 | 6 | 7 | 8 | 9 | 10 | 11 | 12 | 13 | 14 | 15 | 16 | 17 | 18 | 19 | 20 | 21 | 22 | 23 | 24","de","Dog Environment",26,FALSE
"HLES_dog_owner","de_routine_hours_per_day_in_yard","On a typical day, how many hours does your dog spend in a fenced yard or other type of outdoor containment?","0 | 97 | 1 | 2 | 3 | 4 | 5 | 6 | 7 | 8 | 9 | 10 | 11 | 12 | 13 | 14 | 15 | 16 | 17 | 18 | 19 | 20 | 21 | 22 | 23 | 24","0 | <1 | 1 | 2 | 3 | 4 | 5 | 6 | 7 | 8 | 9 | 10 | 11 | 12 | 13 | 14 | 15 | 16 | 17 | 18 | 19 | 20 | 21 | 22 | 23 | 24","de","Dog Environment",26,FALSE
"HLES_dog_owner","de_routine_hours_per_day_roaming_outside","On a typical day, how many hours does your dog spend free roaming outside (not contained within a fenced yard or other type of outdoor containment)?","0 | 97 | 1 | 2 | 3 | 4 | 5 | 6 | 7 | 8 | 9 | 10 | 11 | 12 | 13 | 14 | 15 | 16 | 17 | 18 | 19 | 20 | 21 | 22 | 23 | 24","0 | <1 | 1 | 2 | 3 | 4 | 5 | 6 | 7 | 8 | 9 | 10 | 11 | 12 | 13 | 14 | 15 | 16 | 17 | 18 | 19 | 20 | 21 | 22 | 23 | 24","de","Dog Environment",26,FALSE
"HLES_dog_owner","de_routine_hours_per_day_chained_outside","On a typical day, how many hours does your dog spend outside on a chain or lead?","0 | 97 | 1 | 2 | 3 | 4 | 5 | 6 | 7 | 8 | 9 | 10 | 11 | 12 | 13 | 14 | 15 | 16 | 17 | 18 | 19 | 20 | 21 | 22 | 23 | 24","0 | <1 | 1 | 2 | 3 | 4 | 5 | 6 | 7 | 8 | 9 | 10 | 11 | 12 | 13 | 14 | 15 | 16 | 17 | 18 | 19 | 20 | 21 | 22 | 23 | 24","de","Dog Environment",26,FALSE
"HLES_dog_owner","de_routine_hours_per_day_away_from_home","On a typical day, how many hours does your dog spend in a different location?","0 | 97 | 1 | 2 | 3 | 4 | 5 | 6 | 7 | 8 | 9 | 10 | 11 | 12 | 13 | 14 | 15 | 16 | 17 | 18 | 19 | 20 | 21 | 22 | 23 | 24","0 | <1 | 1 | 2 | 3 | 4 | 5 | 6 | 7 | 8 | 9 | 10 | 11 | 12 | 13 | 14 | 15 | 16 | 17 | 18 | 19 | 20 | 21 | 22 | 23 | 24","de","Dog Environment",26,FALSE
"HLES_dog_owner","de_routine_hours_per_day_with_other_animals","On a typical day, how many hours does your dog spend interacting with other animals?","0 | 97 | 1 | 2 | 3 | 4 | 5 | 6 | 7 | 8 | 9 | 10 | 11 | 12 | 13 | 14 | 15 | 16 | 17 | 18 | 19 | 20 | 21 | 22 | 23 | 24","0 | <1 | 1 | 2 | 3 | 4 | 5 | 6 | 7 | 8 | 9 | 10 | 11 | 12 | 13 | 14 | 15 | 16 | 17 | 18 | 19 | 20 | 21 | 22 | 23 | 24","de","Dog Environment",26,FALSE
"HLES_dog_owner","de_routine_hours_per_day_with_adults","On a typical day, how many hours does your dog interact with you or other adults?","0 | 97 | 1 | 2 | 3 | 4 | 5 | 6 | 7 | 8 | 9 | 10 | 11 | 12 | 13 | 14 | 15 | 16 | 17 | 18 | 19 | 20 | 21 | 22 | 23 | 24","0 | <1 | 1 | 2 | 3 | 4 | 5 | 6 | 7 | 8 | 9 | 10 | 11 | 12 | 13 | 14 | 15 | 16 | 17 | 18 | 19 | 20 | 21 | 22 | 23 | 24","de","Dog Environment",26,FALSE
"HLES_dog_owner","de_routine_hours_per_day_with_teens","On a typical day, how many hours does your dog interact with teenagers (13-17)?","0 | 97 | 1 | 2 | 3 | 4 | 5 | 6 | 7 | 8 | 9 | 10 | 11 | 12 | 13 | 14 | 15 | 16 | 17 | 18 | 19 | 20 | 21 | 22 | 23 | 24","0 | <1 | 1 | 2 | 3 | 4 | 5 | 6 | 7 | 8 | 9 | 10 | 11 | 12 | 13 | 14 | 15 | 16 | 17 | 18 | 19 | 20 | 21 | 22 | 23 | 24","de","Dog Environment",26,FALSE
"HLES_dog_owner","de_routine_hours_per_day_with_children","On a typical day, how many hours does your dog interact with children under 12 years old?","0 | 97 | 1 | 2 | 3 | 4 | 5 | 6 | 7 | 8 | 9 | 10 | 11 | 12 | 13 | 14 | 15 | 16 | 17 | 18 | 19 | 20 | 21 | 22 | 23 | 24","0 | <1 | 1 | 2 | 3 | 4 | 5 | 6 | 7 | 8 | 9 | 10 | 11 | 12 | 13 | 14 | 15 | 16 | 17 | 18 | 19 | 20 | 21 | 22 | 23 | 24","de","Dog Environment",26,FALSE
"HLES_dog_owner","db_excitement_level_before_walk","Just before being taken for a walk:","0 | 1 | 2 | 3 | 4","Calm: little or no special reaction 0 | 1 | Mild to moderate excitability 2 | 3 | Extremely excitable: overreacts, hard to calm down 4","db","Dog Behavior",5,TRUE
"HLES_dog_owner","db_excitement_level_before_car_ride","Just before being taken on a car trip:","0 | 1 | 2 | 3 | 4","Calm: little or no special reaction 0 | 1 | Mild to moderate excitability 2 | 3 | Extremely excitable: overreacts, hard to calm down 4","db","Dog Behavior",5,TRUE
"HLES_dog_owner","db_aggression_level_on_leash_unknown_human","When approached directly by an unfamiliar person while being walked or exercised on a leash:","0 | 1 | 2 | 3 | 4","No aggression: no visible signs of aggression 0 | 1 | Moderate aggression: growling/barking, baring teeth 2 | 3 | Serious aggression: snaps, bites or attempts to bite 4","db","Dog Behavior",5,TRUE
"HLES_dog_owner","db_aggression_level_toys_taken_away","When toys, bones or other objects are taken away by a household member:","0 | 1 | 2 | 3 | 4","No aggression: no visible signs of aggression 0 | 1 | Moderate aggression: growling/barking, baring teeth 2 | 3 | Serious aggression: snaps, bites or attempts to bite 4","db","Dog Behavior",5,TRUE
"HLES_dog_owner","db_aggression_level_approached_while_eating","When your dog is approached directly by a household member while your dog is eating:","0 | 1 | 2 | 3 | 4","No aggression: no visible signs of aggression 0 | 1 | Moderate aggression: growling/barking, baring teeth 2 | 3 | Serious aggression: snaps, bites or attempts to bite 4","db","Dog Behavior",5,TRUE
"HLES_dog_owner","db_aggression_level_delivery_workers_at_home","When letter carriers or other delivery workers approach your home:","0 | 1 | 2 | 3 | 4","No aggression: no visible signs of aggression 0 | 1 | Moderate aggression: growling/barking, baring teeth 2 | 3 | Serious aggression: snaps, bites or attempts to bite 4","db","Dog Behavior",5,TRUE
"HLES_dog_owner","db_aggression_level_food_taken_away","When their food is taken away by a household member:","0 | 1 | 2 | 3 | 4","No aggression: no visible signs of aggression 0 | 1 | Moderate aggression: growling/barking, baring teeth 2 | 3 | Serious aggression: snaps, bites or attempts to bite 4","db","Dog Behavior",5,TRUE
"HLES_dog_owner","db_aggression_level_on_leash_unknown_dog","When approached directly by an unfamiliar dog while being walked or exercised on a leash:","0 | 1 | 2 | 3 | 4","No aggression: no visible signs of aggression 0 | 1 | Moderate aggression: growling/barking, baring teeth 2 | 3 | Serious aggression: snaps, bites or attempts to bite 4","db","Dog Behavior",5,TRUE
"HLES_dog_owner","db_aggression_level_unknown_human_near_yard","When strangers walk past your home when your dog is outside or in the yard:","0 | 1 | 2 | 3 | 4","No aggression: no visible signs of aggression 0 | 1 | Moderate aggression: growling/barking, baring teeth 2 | 3 | Serious aggression: snaps, bites or attempts to bite 4","db","Dog Behavior",5,TRUE
"HLES_dog_owner","db_aggression_level_unknown_aggressive_dog","When barked, growled, or lunged at by another (unfamiliar) dog:","0 | 1 | 2 | 3 | 4","No aggression: no visible signs of aggression 0 | 1 | Moderate aggression: growling/barking, baring teeth 2 | 3 | Serious aggression: snaps, bites or attempts to bite 4","db","Dog Behavior",5,TRUE
"HLES_dog_owner","db_aggression_level_familiar_dog_while_eating","When approached while eating by another (familiar) household dog (leave blank if no other dogs):","0 | 1 | 2 | 3 | 4","No aggression: no visible signs of aggression 0 | 1 | Moderate aggression: growling/barking, baring teeth 2 | 3 | Serious aggression: snaps, bites or attempts to bite 4","db","Dog Behavior",5,TRUE
"HLES_dog_owner","db_aggression_level_familiar_dog_while_playing","When approached while playing with or chewing a favorite toy, bone, object, etc., by another (familiar) household dog (leave blank if no other dogs):","0 | 1 | 2 | 3 | 4","No aggression: no visible signs of aggression 0 | 1 | Moderate aggression: growling/barking, baring teeth 2 | 3 | Serious aggression: snaps, bites or attempts to bite 4","db","Dog Behavior",5,TRUE
"HLES_dog_owner","db_fear_level_unknown_human_away_from_home","When approached directly by an unfamiliar person while away from your home:","0 | 1 | 2 | 3 | 4","No fear/anxiety: no visible signs of fear 0 | 1 | Mild to moderate fear/anxiety 2 | 3 | Extreme fear: cowers; retreats or hides, etc. 4","db","Dog Behavior",5,TRUE
"HLES_dog_owner","db_fear_level_loud_noises","In response to sudden or loud noises (e.g., thunder, vacuum cleaner, car backfire, road drills, objects being dropped, etc.):","0 | 1 | 2 | 3 | 4","No fear/anxiety: no visible signs of fear 0 | 1 | Mild to moderate fear/anxiety 2 | 3 | Extreme fear: cowers; retreats or hides, etc. 4","db","Dog Behavior",5,TRUE
"HLES_dog_owner","db_fear_level_unknown_human_touch","When an unfamiliar person tries to touch or pet your dog:","0 | 1 | 2 | 3 | 4","No fear/anxiety: no visible signs of fear 0 | 1 | Mild to moderate fear/anxiety 2 | 3 | Extreme fear: cowers; retreats or hides, etc. 4","db","Dog Behavior",5,TRUE
"HLES_dog_owner","db_fear_level_unknown_objects_outside","In response to strange or unfamiliar objects on or near the sidewalk (e.g., plastic trash bags, leaves, litter, flags flapping, etc.):","0 | 1 | 2 | 3 | 4","No fear/anxiety: no visible signs of fear 0 | 1 | Mild to moderate fear/anxiety 2 | 3 | Extreme fear: cowers; retreats or hides, etc. 4","db","Dog Behavior",5,TRUE
"HLES_dog_owner","db_fear_level_unknown_dogs","When approached directly by an unfamiliar dog:","0 | 1 | 2 | 3 | 4","No fear/anxiety: no visible signs of fear 0 | 1 | Mild to moderate fear/anxiety 2 | 3 | Extreme fear: cowers; retreats or hides, etc. 4","db","Dog Behavior",5,TRUE
"HLES_dog_owner","db_fear_level_unknown_situations","When first exposed to unfamiliar situations (e.g., first car trip, first time in elevator, first visit to veterinarian, etc.):","0 | 1 | 2 | 3 | 4","No fear/anxiety: no visible signs of fear 0 | 1 | Mild to moderate fear/anxiety 2 | 3 | Extreme fear: cowers; retreats or hides, etc. 4","db","Dog Behavior",5,TRUE
"HLES_dog_owner","db_fear_level_unknown_aggressive_dog","When barked, growled, or lunged at by an unfamiliar dog:","0 | 1 | 2 | 3 | 4","No fear/anxiety: no visible signs of fear 0 | 1 | Mild to moderate fear/anxiety 2 | 3 | Extreme fear: cowers; retreats or hides, etc. 4","db","Dog Behavior",5,TRUE
"HLES_dog_owner","db_fear_level_nails_clipped_at_home","When having nails clipped by a household member:","0 | 1 | 2 | 3 | 4","No fear/anxiety: no visible signs of fear 0 | 1 | Mild to moderate fear/anxiety 2 | 3 | Extreme fear: cowers; retreats or hides, etc. 4","db","Dog Behavior",5,TRUE
"HLES_dog_owner","db_fear_level_bathed_at_home","When groomed or bathed by a household member:","0 | 1 | 2 | 3 | 4","No fear/anxiety: no visible signs of fear 0 | 1 | Mild to moderate fear/anxiety 2 | 3 | Extreme fear: cowers; retreats or hides, etc. 4","db","Dog Behavior",5,TRUE
"HLES_dog_owner","db_left_alone_restlessness_frequency","Restlessness, agitation or pacing:","0 | 1 | 2 | 3 | 4 ","Never | Seldom | Sometimes | Usually | Always","db","Dog Behavior",5,TRUE
"HLES_dog_owner","db_left_alone_barking_frequency","Barking or whining:","0 | 1 | 2 | 3 | 4 ","Never | Seldom | Sometimes | Usually | Always","db","Dog Behavior",5,TRUE
"HLES_dog_owner","db_left_alone_scratching_frequency","Chewing or scratching at doors, floor, windows, curtains, etc.:","0 | 1 | 2 | 3 | 4 ","Never | Seldom | Sometimes | Usually | Always","db","Dog Behavior",5,TRUE
"HLES_dog_owner","db_attention_seeking_follows_humans_frequency","Tends to follow you (or other members of the household) about the house, from room to room:","0 | 1 | 2 | 3 | 4 ","Never | Seldom | Sometimes | Usually | Always","db","Dog Behavior",5,TRUE
"HLES_dog_owner","db_attention_seeking_sits_close_to_humans_frequency","Tends to sit close to, or in contact with, you (or others) when you are sitting down:","0 | 1 | 2 | 3 | 4 ","Never | Seldom | Sometimes | Usually | Always","db","Dog Behavior",5,TRUE
"HLES_dog_owner","db_training_obeys_sit_command_frequency","Obeys a """"""""sit"""""""" command immediately:","0 | 1 | 2 | 3 | 4 ","Never | Seldom | Sometimes | Usually | Always","db","Dog Behavior",5,TRUE
"HLES_dog_owner","db_training_obeys_stay_command_frequency","Obeys a """"""""stay"""""""" command immediately:","0 | 1 | 2 | 3 | 4 ","Never | Seldom | Sometimes | Usually | Always","db","Dog Behavior",5,TRUE
"HLES_dog_owner","db_training_distraction_frequency","Easily distracted by interesting sights, sounds or smells:","0 | 1 | 2 | 3 | 4 ","Never | Seldom | Sometimes | Usually | Always","db","Dog Behavior",5,TRUE
"HLES_dog_owner","db_chases_birds_frequency","Chases or would chase birds, given the chance:","0 | 1 | 2 | 3 | 4 ","Never | Seldom | Sometimes | Usually | Always","db","Dog Behavior",5,TRUE
"HLES_dog_owner","db_chases_squirrels_frequency","Chases or would chase squirrels, rabbits, etc., given the chance:","0 | 1 | 2 | 3 | 4 ","Never | Seldom | Sometimes | Usually | Always","db","Dog Behavior",5,TRUE
"HLES_dog_owner","db_escapes_home_or_property_frequency","Escapes or would escape from home or yard, given the chance:","0 | 1 | 2 | 3 | 4 ","Never | Seldom | Sometimes | Usually | Always","db","Dog Behavior",5,TRUE
"HLES_dog_owner","db_chews_inappropriate_objects_frequency","Chews inappropriate objects:","0 | 1 | 2 | 3 | 4 ","Never | Seldom | Sometimes | Usually | Always","db","Dog Behavior",5,TRUE
"HLES_dog_owner","db_pulls_leash_frequency","Pulls excessively hard when on the leash:","0 | 1 | 2 | 3 | 4 ","Never | Seldom | Sometimes | Usually | Always","db","Dog Behavior",5,TRUE
"HLES_dog_owner","db_urinates_in_home_frequency","Urinates against objects or furnishings in your home:","0 | 1 | 2 | 3 | 4 ","Never | Seldom | Sometimes | Usually | Always","db","Dog Behavior",5,TRUE
"HLES_dog_owner","db_urinates_alone_frequency","Urinates when left alone at night or during the daytime:","0 | 1 | 2 | 3 | 4 ","Never | Seldom | Sometimes | Usually | Always","db","Dog Behavior",5,TRUE
"HLES_dog_owner","db_defecates_alone_frequency","Defecates when left alone at night or during the daytime:","0 | 1 | 2 | 3 | 4 ","Never | Seldom | Sometimes | Usually | Always","db","Dog Behavior",5,TRUE
"HLES_dog_owner","db_hyperactive_frequency","Hyperactive, restless, has trouble settling down:","0 | 1 | 2 | 3 | 4 ","Never | Seldom | Sometimes | Usually | Always","db","Dog Behavior",5,TRUE
"HLES_dog_owner","db_playful_frequency","Playful, puppyish, boisterous:","0 | 1 | 2 | 3 | 4 ","Never | Seldom | Sometimes | Usually | Always","db","Dog Behavior",5,TRUE
"HLES_dog_owner","db_energetic_frequency","Active, energetic, always on the go:","0 | 1 | 2 | 3 | 4 ","Never | Seldom | Sometimes | Usually | Always","db","Dog Behavior",5,TRUE
"HLES_dog_owner","db_chases_tail_frequency","Chases own tail or hind end:","0 | 1 | 2 | 3 | 4 ","Never | Seldom | Sometimes | Usually | Always","db","Dog Behavior",5,TRUE
"HLES_dog_owner","db_barks_frequency","Barks persistently when alarmed or excited:","0 | 1 | 2 | 3 | 4 ","Never | Seldom | Sometimes | Usually | Always","db","Dog Behavior",5,TRUE
"HLES_dog_owner","df_feedings_per_day","How many times per day is your dog fed?","1 | 2 | 3 | 4","Once | Twice | Three or more | Free fed (filling up bowl when empty or always having food available)","df","Diet Survey",4,FALSE
"HLES_dog_owner","df_primary_diet_component","What is the primary component of your dog's diet (accounts for 50% or more of their overall food intake)?","1 | 2 | 3 | 4 | 5 | 6 | 7 | 98"," Commercially prepared dry food (kibble)  |  Commercially prepared canned food  |  Commercially prepared freeze-dried food  |  Commercially prepared refrigerated or frozen raw food  |  Commercially prepared semi-dry or semi-moist food  |  Home prepared cooked diet  |  Home prepared raw diet  |  Other","df","Diet Survey",8,TRUE
"HLES_dog_owner","df_primary_diet_component_organic","Is the primary component of your dog's diet organic?","True | False","Yes | No","df","Diet Survey",2,TRUE
"HLES_dog_owner","df_primary_diet_component_grain_free","Is the primary component of your dog's diet grain-free?","True | False","Yes | No","df","Diet Survey",2,TRUE
"HLES_dog_owner","df_primary_diet_component_grain_free_past","Has the primary component of your dog's diet ever been grain-free?","True | False","Yes | No","df","Diet Survey",2,TRUE
"HLES_dog_owner","df_primary_diet_component_change_recent","Have you made any changes to the primary component of your dog's diet in the past 12 months? ","True | False","Yes | No","df","Diet Survey",2,TRUE
"HLES_dog_owner","df_primary_diet_component_change_months_ago","Approximately how many months ago did your dog's diet change?","1 | 2 | 3 | 4 | 5 | 6 | 7 | 8 | 9 | 10 | 11 | 12","One month ago | Two months ago | Three months ago | Four months ago | Five months ago | Six months ago | Seven months ago | Eight months ago | Nine months ago | Ten months ago | Eleven months ago | Twelve months ago","df","Diet Survey",12,FALSE
"HLES_dog_owner","df_primary_diet_component_change_allergy_related","What were the reasons for the diet change? Allergy-related change","True | False","Yes | No","df","Diet Survey",2,TRUE
"HLES_dog_owner","df_primary_diet_component_change_different_life_stage","What were the reasons for the diet change? Different life stage (such as from puppy to adult food)","True | False","Yes | No","df","Diet Survey",2,TRUE
"HLES_dog_owner","df_primary_diet_component_change_stop_grain_free","What were the reasons for the diet change? Stopped feeding a grain-free diet","True | False","Yes | No","df","Diet Survey",2,TRUE
"HLES_dog_owner","df_primary_diet_component_change_health_condition_specific","What were the reasons for the diet change? Health diagnosis prompted change to a condition-specific diet","True | False","Yes | No","df","Diet Survey",2,TRUE
"HLES_dog_owner","df_primary_diet_component_change_brand_change","What were the reasons for the diet change? Switched to a different brand of food for reason other than health diagnosis","True | False","Yes | No","df","Diet Survey",2,TRUE
"HLES_dog_owner","df_primary_diet_component_change_new_food_same_brand","What were the reasons for the diet change? Switched to a different type of food made by the same brand as original food","True | False","Yes | No","df","Diet Survey",2,TRUE
"HLES_dog_owner","df_primary_diet_component_change_other","What were the reasons for the diet change? Other","True | False","Yes | No","df","Diet Survey",2,TRUE
"HLES_dog_owner","df_secondary_diet_component_used","Is there a secondary component of your dog's diet that accounts for 25% or more of their overall food intake?","True | False","Yes | No","df","Diet Survey",2,TRUE
"HLES_dog_owner","df_secondary_diet_component","What is the secondary component of your dog's diet?","1 | 2 | 3 | 4 | 5 | 6 | 7 | 98"," Commercially prepared dry food (kibble)  |  Commercially prepared canned food  |  Commercially prepared freeze-dried food  |  Commercially prepared refrigerated or frozen raw food  |  Commercially prepared semi-dry or semi-moist food  |  Home prepared cooked diet  |  Home prepared raw diet  |  Other","df","Diet Survey",8,TRUE
"HLES_dog_owner","df_secondary_diet_component_organic","Is the secondary component of your dog's diet organic?","True | False","Yes | No","df","Diet Survey",2,TRUE
"HLES_dog_owner","df_secondary_diet_component_grain_free","Is the secondary component of your dog's diet grain-free?","True | False","Yes | No","df","Diet Survey",2,TRUE
"HLES_dog_owner","df_secondary_diet_component_grain_free_past","Has the secondary component of your dog's diet ever been grain-free?","True | False","Yes | No","df","Diet Survey",2,TRUE
"HLES_dog_owner","df_secondary_diet_component_change_recent","Have you made any changes to the secondary component of your dog's diet in the past 12 months?","True | False","Yes | No","df","Diet Survey",2,TRUE
"HLES_dog_owner","df_secondary_diet_component_change_months_ago","Approximately how many months ago did your dog's diet change?","1 | 2 | 3 | 4 | 5 | 6 | 7 | 8 | 9 | 10 | 11 | 12","One month ago | Two months ago | Three months ago | Four months ago | Five months ago | Six months ago | Seven months ago | Eight months ago | Nine months ago | Ten months ago | Eleven months ago | Twelve months ago","df","Diet Survey",12,FALSE
"HLES_dog_owner","df_secondary_diet_component_change_allergy_related","What were the reasons for the diet change? Allergy-related change","True | False","Yes | No","df","Diet Survey",2,TRUE
"HLES_dog_owner","df_secondary_diet_component_change_different_life_stage","What were the reasons for the diet change? Different life stage (such as from puppy to adult food)","True | False","Yes | No","df","Diet Survey",2,TRUE
"HLES_dog_owner","df_secondary_diet_component_change_stop_grain_free","What were the reasons for the diet change? Stopped feeding a grain-free diet","True | False","Yes | No","df","Diet Survey",2,TRUE
"HLES_dog_owner","df_secondary_diet_component_change_health_condition_specific","What were the reasons for the diet change? Health diagnosis prompted change to a condition-specific diet","True | False","Yes | No","df","Diet Survey",2,TRUE
"HLES_dog_owner","df_secondary_diet_component_change_brand_change","What were the reasons for the diet change? Switched to a different brand of food for reason other than health diagnosis","True | False","Yes | No","df","Diet Survey",2,TRUE
"HLES_dog_owner","df_secondary_diet_component_change_new_food_same_brand","What were the reasons for the diet change? Switched to a different type of food made by the same brand as original food","True | False","Yes | No","df","Diet Survey",2,TRUE
"HLES_dog_owner","df_secondary_diet_component_change_other","What were the reasons for the diet change? Other","True | False","Yes | No","df","Diet Survey",2,TRUE
"HLES_dog_owner","df_treats_frequency","Other than during their mealtimes, how often do you give your dog treats or other items to eat?","3 | 2 | 1 | 4 | 0"," Three times or more per day  |  Twice per day  |  Once per day  |  Occasionally (not daily)  |  Never","df","Diet Survey",5,TRUE
"HLES_dog_owner","df_treats_commercial_biscuits","Commercial dog biscuits or dog cookies","True | False","Yes | No","df","Diet Survey",2,TRUE
"HLES_dog_owner","df_treats_rawhide","Pig ears, bully stick, or rawhide treats","True | False","Yes | No","df","Diet Survey",2,TRUE
"HLES_dog_owner","df_treats_bones","Bones (raw or cooked)","True | False","Yes | No","df","Diet Survey",2,TRUE
"HLES_dog_owner","df_treats_table_meat","Table foods (meat or other protein)","True | False","Yes | No","df","Diet Survey",2,TRUE
"HLES_dog_owner","df_treats_table_carbs","Table foods (bread or other carbohydrates)","True | False","Yes | No","df","Diet Survey",2,TRUE
"HLES_dog_owner","df_treats_vegetables","Vegetables","True | False","Yes | No","df","Diet Survey",2,TRUE
"HLES_dog_owner","df_treats_homemade_protein","Homemade or bakery dog treats (meat or other protein)","True | False","Yes | No","df","Diet Survey",2,TRUE
"HLES_dog_owner","df_treats_homemade_biscuits","Homemade or bakery dog biscuits or dog cookies","True | False","Yes | No","df","Diet Survey",2,TRUE
"HLES_dog_owner","df_treats_pumpkin","Pumpkin","True | False","Yes | No","df","Diet Survey",2,TRUE
"HLES_dog_owner","df_treats_peanut_butter","Peanut butter","True | False","Yes | No","df","Diet Survey",2,TRUE
"HLES_dog_owner","df_treats_other","Other","True | False","Yes | No","df","Diet Survey",2,TRUE
"HLES_dog_owner","df_daily_supplements","Daily Supplements:Do you give your dog a food that contains specific dietary supplements, or do you provide additional supplements one or more times a day?","True | False","Yes | No","df","Diet Survey",2,TRUE
"HLES_dog_owner","df_daily_supplements_bone_meal","Daily: Bone meal","1 | 2 | 0"," Given as a separate supplement  |  Food contains supplement  |  No","df","Diet Survey",3,TRUE
"HLES_dog_owner","df_daily_supplements_glucosamine","Daily: Joint supplement (glucosamine)","1 | 2 | 0"," Given as a separate supplement  |  Food contains supplement  |  No","df","Diet Survey",3,TRUE
"HLES_dog_owner","df_daily_supplements_chondroitin","Daily: Joint supplement (chondroitin sulfate)","1 | 2 | 0"," Given as a separate supplement  |  Food contains supplement  |  No","df","Diet Survey",3,TRUE
"HLES_dog_owner","df_daily_supplements_other_joint","Daily: Joint supplement (other)","1 | 2 | 0"," Given as a separate supplement  |  Food contains supplement  |  No","df","Diet Survey",3,TRUE
"HLES_dog_owner","df_daily_supplements_omega3","Daily: Omega-3 or other fatty acids or fish oils","1 | 2 | 0"," Given as a separate supplement  |  Food contains supplement  |  No","df","Diet Survey",3,TRUE
"HLES_dog_owner","df_daily_supplements_non_oil_skin","Daily: Skin or coat supplement other than oil","1 | 2 | 0"," Given as a separate supplement  |  Food contains supplement  |  No","df","Diet Survey",3,TRUE
"HLES_dog_owner","df_daily_supplements_vitamins","Daily: Vitamins (B12, C, D, etc.)","1 | 2 | 0"," Given as a separate supplement  |  Food contains supplement  |  No","df","Diet Survey",3,TRUE
"HLES_dog_owner","df_daily_supplements_enzyme","Daily: Enzymes (other than coenzyme Q10)","1 | 2 | 0"," Given as a separate supplement  |  Food contains supplement  |  No","df","Diet Survey",3,TRUE
"HLES_dog_owner","df_daily_supplements_probiotics","Daily: Probiotics","1 | 2 | 0"," Given as a separate supplement  |  Food contains supplement  |  No","df","Diet Survey",3,TRUE
"HLES_dog_owner","df_daily_supplements_fiber","Daily: Fiber","1 | 2 | 0"," Given as a separate supplement  |  Food contains supplement  |  No","df","Diet Survey",3,TRUE
"HLES_dog_owner","df_daily_supplements_alkalinize","Daily: Supplement to alkalinize urine","1 | 2 | 0"," Given as a separate supplement  |  Food contains supplement  |  No","df","Diet Survey",3,TRUE
"HLES_dog_owner","df_daily_supplements_acidify","Daily: Supplement to acidify urine","1 | 2 | 0"," Given as a separate supplement  |  Food contains supplement  |  No","df","Diet Survey",3,TRUE
"HLES_dog_owner","df_daily_supplements_taurine","Daily: Taurine or carnitine","1 | 2 | 0"," Given as a separate supplement  |  Food contains supplement  |  No","df","Diet Survey",3,TRUE
"HLES_dog_owner","df_daily_supplements_antiox","Daily: Antioxidants","1 | 2 | 0"," Given as a separate supplement  |  Food contains supplement  |  No","df","Diet Survey",3,TRUE
"HLES_dog_owner","df_daily_supplements_coenzyme_q10","Daily: Coenzyme Q10","1 | 2 | 0"," Given as a separate supplement  |  Food contains supplement  |  No","df","Diet Survey",3,TRUE
"HLES_dog_owner","df_daily_supplements_other","Daily: Other","1 | 2 | 0"," Given as a separate supplement  |  Food contains supplement  |  No","df","Diet Survey",3,TRUE
"HLES_dog_owner","df_infrequent_supplements","Less Frequent Supplements: Do you give your dog any supplements less often than every day?","True | False","Yes | No","df","Diet Survey",2,TRUE
"HLES_dog_owner","df_infrequent_supplements_bone_meal","Infrequently: Bone meal","1 | 2 | 0"," Given as a separate supplement  |  Food contains supplement  |  No","df","Diet Survey",3,TRUE
"HLES_dog_owner","df_infrequent_supplements_glucosamine","Infrequently: Joint supplement (glucosamine)","1 | 2 | 0"," Given as a separate supplement  |  Food contains supplement  |  No","df","Diet Survey",3,TRUE
"HLES_dog_owner","df_infrequent_supplements_chondroitin","Infrequently: Joint supplement (chondroitin sulfate)","1 | 2 | 0"," Given as a separate supplement  |  Food contains supplement  |  No","df","Diet Survey",3,TRUE
"HLES_dog_owner","df_infrequent_supplements_other_joint","Infrequently: Joint supplement (other)","1 | 2 | 0"," Given as a separate supplement  |  Food contains supplement  |  No","df","Diet Survey",3,TRUE
"HLES_dog_owner","df_infrequent_supplements_omega3","Infrequently: Omega-3 or other fatty acids or fish oils","1 | 2 | 0"," Given as a separate supplement  |  Food contains supplement  |  No","df","Diet Survey",3,TRUE
"HLES_dog_owner","df_infrequent_supplements_non_oil_skin","Infrequently: Skin or coat supplement other than oil","1 | 2 | 0"," Given as a separate supplement  |  Food contains supplement  |  No","df","Diet Survey",3,TRUE
"HLES_dog_owner","df_infrequent_supplements_vitamins","Infrequently: Vitamins (B12, C, D, etc.)","1 | 2 | 0"," Given as a separate supplement  |  Food contains supplement  |  No","df","Diet Survey",3,TRUE
"HLES_dog_owner","df_infrequent_supplements_enzyme","Infrequently: Enzymes (other than coenzyme Q10)","1 | 2 | 0"," Given as a separate supplement  |  Food contains supplement  |  No","df","Diet Survey",3,TRUE
"HLES_dog_owner","df_infrequent_supplements_probiotics","Infrequently: Probiotics","1 | 2 | 0"," Given as a separate supplement  |  Food contains supplement  |  No","df","Diet Survey",3,TRUE
"HLES_dog_owner","df_infrequent_supplements_fiber","Infrequently: Fiber","1 | 2 | 0"," Given as a separate supplement  |  Food contains supplement  |  No","df","Diet Survey",3,TRUE
"HLES_dog_owner","df_infrequent_supplements_alkalinize","Infrequently: Supplement to alkalinize urine","1 | 2 | 0"," Given as a separate supplement  |  Food contains supplement  |  No","df","Diet Survey",3,TRUE
"HLES_dog_owner","df_infrequent_supplements_acidify","Infrequently: Supplement to acidify urine","1 | 2 | 0"," Given as a separate supplement  |  Food contains supplement  |  No","df","Diet Survey",3,TRUE
"HLES_dog_owner","df_infrequent_supplements_taurine","Infrequently: Taurine or carnitine","1 | 2 | 0"," Given as a separate supplement  |  Food contains supplement  |  No","df","Diet Survey",3,TRUE
"HLES_dog_owner","df_infrequent_supplements_antiox","Infrequently: Antioxidants","1 | 2 | 0"," Given as a separate supplement  |  Food contains supplement  |  No","df","Diet Survey",3,TRUE
"HLES_dog_owner","df_infrequent_supplements_coenzyme_q10","Infrequently: Coenzyme Q10","1 | 2 | 0"," Given as a separate supplement  |  Food contains supplement  |  No","df","Diet Survey",3,TRUE
"HLES_dog_owner","df_infrequent_supplements_other","Infrequently: Other","1 | 2 | 0"," Given as a separate supplement  |  Food contains supplement  |  No","df","Diet Survey",3,TRUE
"HLES_dog_owner","df_diet_consistency","How consistent is your dog's daily diet?","1 | 2 | 3 | 98"," Very consistent |  Somewhat consistent |  Not at all consistent |  Other","df","Diet Survey",4,TRUE
"HLES_dog_owner","df_appetite","How would you assess your dog's appetite?","1 | 2 | 3"," Poor (does not eat without encouragement)  |  Average (eats without prompting to do so and seems full afterwards)  |  Voracious (always ready for more food)","df","Diet Survey",3,TRUE
"HLES_dog_owner","df_appetite_change_last_year","In the past 12 months, has your dog's appetite stayed about the same? How has your dog's appetite changed in the past 12 months?","0 | 1 | 2 | 99","Yes | Eats less than usual  |  Eats more than usual | Don't Know","df","Diet Survey",4,TRUE
"HLES_dog_owner","df_ever_malnourished","Has your dog ever been malnourished?","1 | 0 | 99"," Yes  |  No  |  Unknown","df","Diet Survey",3,TRUE
"HLES_dog_owner","df_ever_underweight","Has your dog ever been considered underweight?","1 | 0 | 99"," Yes  |  No  |  Unknown","df","Diet Survey",3,TRUE
"HLES_dog_owner","df_ever_overweight","Has your dog ever been considered overweight?","1 | 0 | 99"," Yes  |  No  |  Unknown","df","Diet Survey",3,TRUE
"HLES_dog_owner","df_weight_change_last_year","In the past 12 months, has your dog's weight stayed about the same? How has your dog's weight changed in the past 12 months?","0 | 1 | 2 | 3 | 99","Yes | Lost weight | Gained weight | My dog is a puppy who was growing to his/her full size during the past year | Don't know","df","Diet Survey",5,TRUE
"HLES_dog_owner","dt_pattern_consistency","How consistent is your dog's daily diet?","1 | 2 | 3","Very consistent | Somewhat consistent | Not at all consistent","dt","Comprehensive Diet Survey",3,TRUE
"HLES_dog_owner","dt_pattern_people","How many people typically feed your dog?","1 | 2 | 3 | 4 | 5 | 6 | 7 | 8 | 9 | 10","1 | 2 | 3 | 4 | 5 | 6 | 7 | 8 | 9 | 10","dt","Comprehensive Diet Survey",10,FALSE
"HLES_dog_owner","dt_feeding_pattern","In general, do you feed your dog on a schedule (e.g., once or twice a day) or do you practice free feeding?","1 | 2","I feed my dog on a schedule | Food is always available in the bowl (free feeding)","dt","Comprehensive Diet Survey",2,TRUE
"HLES_dog_owner","dt_pattern_feed_timesday","On a typical day, how many times do you feed your dog a meal?","1 | 2 | 3 | 4 | 5 | 6","Once a day | Twice a day | Three times a day | Four times a day | Five times a day | Six or more times a day","dt","Comprehensive Diet Survey",6,FALSE
"HLES_dog_owner","dt_pattern_feed_time_interval_5am_559am","Typical feeding time: 5:00AM to 5:59AM","True | False","Yes | No","dt","Comprehensive Diet Survey",2,TRUE
"HLES_dog_owner","dt_pattern_feed_time_interval_6am_659am","Typical feeding time: 6:00AM to 6:59AM","True | False","Yes | No","dt","Comprehensive Diet Survey",2,TRUE
"HLES_dog_owner","dt_pattern_feed_time_interval_7am_759am","Typical feeding time: 7:00AM to 7:59AM","True | False","Yes | No","dt","Comprehensive Diet Survey",2,TRUE
"HLES_dog_owner","dt_pattern_feed_time_interval_8am_859am","Typical feeding time: 8:00AM to 8:59AM","True | False","Yes | No","dt","Comprehensive Diet Survey",2,TRUE
"HLES_dog_owner","dt_pattern_feed_time_interval_9am_959am","Typical feeding time: 9:00AM to 9:59AM","True | False","Yes | No","dt","Comprehensive Diet Survey",2,TRUE
"HLES_dog_owner","dt_pattern_feed_time_interval_10am_1059am","Typical feeding time: 10:00AM to 10:59AM","True | False","Yes | No","dt","Comprehensive Diet Survey",2,TRUE
"HLES_dog_owner","dt_pattern_feed_time_interval_11am_1159am","Typical feeding time: 11:00AM to 11:59AM","True | False","Yes | No","dt","Comprehensive Diet Survey",2,TRUE
"HLES_dog_owner","dt_pattern_feed_time_interval_12pm_1259pm","Typical feeding time: 12:00PM to 12:59PM","True | False","Yes | No","dt","Comprehensive Diet Survey",2,TRUE
"HLES_dog_owner","dt_pattern_feed_time_interval_1pm_159pm","Typical feeding time: 1:00PM to 1:59PM","True | False","Yes | No","dt","Comprehensive Diet Survey",2,TRUE
"HLES_dog_owner","dt_pattern_feed_time_interval_2pm_259pm","Typical feeding time: 2:00PM to 2:59PM","True | False","Yes | No","dt","Comprehensive Diet Survey",2,TRUE
"HLES_dog_owner","dt_pattern_feed_time_interval_3pm_359pm","Typical feeding time: 3:00PM to 3:59PM","True | False","Yes | No","dt","Comprehensive Diet Survey",2,TRUE
"HLES_dog_owner","dt_pattern_feed_time_interval_4pm_459pm","Typical feeding time: 4:00PM to 4:59PM","True | False","Yes | No","dt","Comprehensive Diet Survey",2,TRUE
"HLES_dog_owner","dt_pattern_feed_time_interval_5pm_559pm","Typical feeding time: 5:00PM to 5:59PM","True | False","Yes | No","dt","Comprehensive Diet Survey",2,TRUE
"HLES_dog_owner","dt_pattern_feed_time_interval_6pm_659pm","Typical feeding time: 6:00PM to 6:59PM","True | False","Yes | No","dt","Comprehensive Diet Survey",2,TRUE
"HLES_dog_owner","dt_pattern_feed_time_interval_7pm_759pm","Typical feeding time: 7:00PM to 7:59PM","True | False","Yes | No","dt","Comprehensive Diet Survey",2,TRUE
"HLES_dog_owner","dt_pattern_feed_time_interval_8pm_859pm","Typical feeding time: 8:00PM to 8:59PM","True | False","Yes | No","dt","Comprehensive Diet Survey",2,TRUE
"HLES_dog_owner","dt_pattern_feed_time_interval_9pm_959pm","Typical feeding time: 9:00PM to 9:59PM","True | False","Yes | No","dt","Comprehensive Diet Survey",2,TRUE
"HLES_dog_owner","dt_pattern_feed_time_interval_10pm_1059pm","Typical feeding time: 10:00PM to 10:59PM","True | False","Yes | No","dt","Comprehensive Diet Survey",2,TRUE
"HLES_dog_owner","dt_pattern_feed_time_interval_11pm_1159pm","Typical feeding time: 11:00PM to 11:59PM","True | False","Yes | No","dt","Comprehensive Diet Survey",2,TRUE
"HLES_dog_owner","dt_pattern_feed_time_interval_12am_459am","Typical feeding time: 12:00AM to 4:59AM","True | False","Yes | No","dt","Comprehensive Diet Survey",2,TRUE
"HLES_dog_owner","dt_pattern_feed_time_interval_variable","Typical feeding time: variable","True | False","Yes | No","dt","Comprehensive Diet Survey",2,TRUE
"HLES_dog_owner","dt_pattern_appetite_overall","How would you assess your dog's appetite?","1 | 2 | 3","Poor (does not eat without encouragement) | Average (eats without prompting to do so and seems full afterwards) | Voracious (always ready for more food)","dt","Comprehensive Diet Survey",3,TRUE
"HLES_dog_owner","dt_pattern_appetite_change_6mo","In the past six months, has your dog's appetite changed?","0 | 1 | 2 | 99","No | Yes | Yes | I don't know","dt","Comprehensive Diet Survey",4,TRUE
"HLES_dog_owner","dt_pattern_meal_pace","How quickly does your dog finish their entire meal?","1 | 2 | 3 | 4 | 5","Immediately | Within several hours | They take all day | My dog's eating behavior varies | Food is always available","dt","Comprehensive Diet Survey",5,TRUE
"HLES_dog_owner","dt_pattern_meal_pace_change_6mo","In the past six months, has the speed with which your dog finishes their meals changed?","0 | 1 | 2 | 99","No | Yes | Yes | I don't know","dt","Comprehensive Diet Survey",4,TRUE
"HLES_dog_owner","dt_weight_change","In the past 12 months, has your dog's weight stayed about the same?","1 | 0 | 2 | 99","Yes | No | My dog is a puppy who was growing to their full size during the past year | I don't know","dt","Comprehensive Diet Survey",4,TRUE
"HLES_dog_owner","dt_weight_change_how","How has your dog's weight changed in the past 12 months?","1 | 2","Lost weight | Gained weight","dt","Comprehensive Diet Survey",2,TRUE
"HLES_dog_owner","dt_malnourished_hles","Has your dog ever been malnourished? 
 
 If your answer is Yes, you will have a chance to tell us more details.","1 | 0 | 99","Yes | No | I don't know","dt","Comprehensive Diet Survey",3,TRUE
"HLES_dog_owner","dt_underweight_hles","Has your dog ever been considered underweight?","1 | 0 | 99","Yes | No | I don't know","dt","Comprehensive Diet Survey",3,TRUE
"HLES_dog_owner","dt_overrweight_hles","Has your dog ever been considered overweight?","1 | 0 | 99","Yes | No | I don't know","dt","Comprehensive Diet Survey",3,TRUE
"HLES_dog_owner","dt_pattern_food_sharing","If you have other animals in the house, do they frequently eat from your dog's's bowl? 
 
 Please select No if you don't have other animals in the house.","1 | 0","Yes | No","dt","Comprehensive Diet Survey",2,TRUE
"HLES_dog_owner","dt_primary_diet_type","Considering your dog's overall diet at the present time, is the primary component of your dog's diet (which makes up the majority of their diet) a commercially prepared food or a homemade diet?","1 | 2","I primarily feed my dog commercially prepared food (kibble | I primarily prepare my dog's diet by hand at home (not from a purchased kit).","dt","Comprehensive Diet Survey",2,TRUE
"HLES_dog_owner","dt_secondary_commercial","Some people feed their dogs multiple types of food. For example, a dog's diet might include dry kibble as well as canned food, or a dog owner might alternate (or combine) two different types of kibble. 
 
 Do you regularly feed your dog more than one type of commercially prepared food?","True | False","Yes | No","dt","Comprehensive Diet Survey",2,TRUE
"HLES_dog_owner","dt_comm1_dietcomp","Considering this primary component of your dog's food, which of the following best describes this component of your dog's diet?","1 | 2 | 3 | 4 | 5 | 6 | 7 | 8","Dry dog food (kibble) | Wet (canned) dog food | Semi-dry or semi-moist dog food | Freeze-dried food | Refrigerated or frozen cooked diet | Refrigerated or frozen raw diet | Home prepared cooked diet from a commercial kit | Home prepared raw diet from a commercial kit","dt","Comprehensive Diet Survey",8,TRUE
"HLES_dog_owner","dt_comm1_proteina","Looking at the packaging of this brand of food, what is the primary protein source in this formulation?
 
 Note: The primary protein source means the protein that is listed first and/or most frequently in the list of ingredients. Please read the following list of proteins and select the best option.","1 | 2 | 3 | 4 | 5 | 6 | 7 | 98","Chicken | Salmon | Beef | Lamb | Turkey | Beans | Hydrolyzed protein (any type) | See more options","dt","Comprehensive Diet Survey",8,TRUE
"HLES_dog_owner","dt_comm1_proteinb","From the list below, please select the protein source that is listed first and/or most frequently in the list of ingredients for your dog's food.","1 | 2 | 3 | 4 | 5 | 6 | 7 | 8 | 9 | 98","Duck or other poultry | Pork | Venison | Rabbit | Ostrich | Kangaroo | Whitefish | Tuna | Organ meats | Other protein not listed here","dt","Comprehensive Diet Survey",10,TRUE
"HLES_dog_owner","dt_comm1_carb","What is the primary carbohydrate source in this formulation? 
 
 Note: The primary carbohydrate source means the grain or starch that is listed first and/or most frequently in the list of ingredients. Please read the following list of carbohydrates and select the best option.","1 | 2 | 3 | 4 | 5 | 6 | 7 | 8 | 98","Rice (any type) | Potato | Sweet potato or yam | Corn | Ancient grains (quinoa | Oats or oatmeal | Wheat | Barley | Other carbohydrate source not listed here","dt","Comprehensive Diet Survey",9,TRUE
"HLES_dog_owner","dt_comm1_formula_puppy","Specific formulation: puppy","True | False","Yes | No","dt","Comprehensive Diet Survey",2,TRUE
"HLES_dog_owner","dt_comm1_formula_adult","Specific formulation: adult","True | False","Yes | No","dt","Comprehensive Diet Survey",2,TRUE
"HLES_dog_owner","dt_comm1_formula_senior","Specific formulation: senior","True | False","Yes | No","dt","Comprehensive Diet Survey",2,TRUE
"HLES_dog_owner","dt_comm1_formula_small_breed","Specific formulation: small_breed","True | False","Yes | No","dt","Comprehensive Diet Survey",2,TRUE
"HLES_dog_owner","dt_comm1_formula_large_breed","Specific formulation: large_breed","True | False","Yes | No","dt","Comprehensive Diet Survey",2,TRUE
"HLES_dog_owner","dt_comm1_formula_therapeutic","Specific formulation: therapeutic","True | False","Yes | No","dt","Comprehensive Diet Survey",2,TRUE
"HLES_dog_owner","dt_comm1_formula_vegan","Specific formulation: vegan","True | False","Yes | No","dt","Comprehensive Diet Survey",2,TRUE
"HLES_dog_owner","dt_comm1_formula_vegetarian","Specific formulation: vegetarian","True | False","Yes | No","dt","Comprehensive Diet Survey",2,TRUE
"HLES_dog_owner","dt_comm1_formula_organic","Specific formulation: organic","True | False","Yes | No","dt","Comprehensive Diet Survey",2,TRUE
"HLES_dog_owner","dt_comm1_formula_all_natural","Specific formulation: all_natural","True | False","Yes | No","dt","Comprehensive Diet Survey",2,TRUE
"HLES_dog_owner","dt_comm1_formula_none","Specific formulation: none","True | False","Yes | No","dt","Comprehensive Diet Survey",2,TRUE
"HLES_dog_owner","dt_comm1_prescription","Did a veterinarian write your dog a prescription for this brand of food?","True | False","Yes | No","dt","Comprehensive Diet Survey",2,TRUE
"HLES_dog_owner","dt_comm1_feed_daysweek","How many days a week do you feed this brand of food to your dog?","1 | 2 | 3 | 4 | 5 | 6 | 7","1 | 2 | 3 | 4 | 5 | 6 | 7","dt","Comprehensive Diet Survey",7,FALSE
"HLES_dog_owner","dt_comm1_feed_timesday","On the days that you feed this brand of food, how many times a day do you feed this brand of food?","1 | 2 | 3 | 4 | 5","1 | 2 | 3 | 4 | 5+","dt","Comprehensive Diet Survey",5,FALSE
"HLES_dog_owner","dt_comm1_measure","Please select the description below that best describes how you feed this brand of food to your dog.","1 | 2","I measure the amount of food I put in the bowl for each meal. | I put approximately the same amount of food in the bowl for each meal","dt","Comprehensive Diet Survey",2,TRUE
"HLES_dog_owner","dt_comm1_whole","Whole","0 | 1 | 2 | 3 | 4 | 5 | 6 | 7 | 8 | 9 | 10","0 | 1 | 2 | 3 | 4 | 5 | 6 | 7 | 8 | 9 | 10","dt","Comprehensive Diet Survey",11,FALSE
"HLES_dog_owner","dt_comm1_fractions","Fractions","0 | 25 | 33 | 50 | 66 | 75","0 | 1/4 | 1/3 | 1/2 | 2/3 | 3/4","dt","Comprehensive Diet Survey",6,FALSE
"HLES_dog_owner","dt_comm1_ff_estimate","Previously, you told us that you make sure there is always food available in your dog's bowl (free feeding). Do you think that you can estimate how much your dog's eats in a given day?","True | False","Yes | No","dt","Comprehensive Diet Survey",2,TRUE
"HLES_dog_owner","dt_comm1_ff_whole","Whole","0 | 1 | 2 | 3 | 4 | 5 | 6 | 7 | 8 | 9 | 10","0 | 1 | 2 | 3 | 4 | 5 | 6 | 7 | 8 | 9 | 10","dt","Comprehensive Diet Survey",11,FALSE
"HLES_dog_owner","dt_comm1_ff_fractions","Fractions","0 | 25 | 33 | 50 | 66 | 75","0 | 1/4 | 1/3 | 1/2 | 2/3 | 3/4","dt","Comprehensive Diet Survey",6,FALSE
"HLES_dog_owner","dt_comm1_durationfed","How long have you fed this particular type of food to your dog?","1 | 2 | 3 | 4 | 5 | 6","A month or less | 1 to 3 months | 3 to 6 months | 6 to 9 months | 9 to 12 months | A year or more","dt","Comprehensive Diet Survey",6,TRUE
"HLES_dog_owner","dt_comm1_change_reason_allergy","Diet change reason: allergy","True | False","Yes | No","dt","Comprehensive Diet Survey",2,TRUE
"HLES_dog_owner","dt_comm1_change_reason_lifestage","Diet change reason: lifestage","True | False","Yes | No","dt","Comprehensive Diet Survey",2,TRUE
"HLES_dog_owner","dt_comm1_change_reason_pregnant_nursing","Diet change reason: pregnant nursing","True | False","Yes | No","dt","Comprehensive Diet Survey",2,TRUE
"HLES_dog_owner","dt_comm1_change_reason_stopped_vegetarian_vegan","Diet change reason: stopped vegetarian vegan","True | False","Yes | No","dt","Comprehensive Diet Survey",2,TRUE
"HLES_dog_owner","dt_comm1_change_reason_started_vegetarian_vegan","Diet change reason: started vegetarian vegan","True | False","Yes | No","dt","Comprehensive Diet Survey",2,TRUE
"HLES_dog_owner","dt_comm1_change_reason_stopped_organic_all_natural","Diet change reason: stopped organic all natural","True | False","Yes | No","dt","Comprehensive Diet Survey",2,TRUE
"HLES_dog_owner","dt_comm1_change_reason_started_organic_all_natural","Diet change reason: started organic all natural","True | False","Yes | No","dt","Comprehensive Diet Survey",2,TRUE
"HLES_dog_owner","dt_comm1_change_reason_stopped_grain_free","Diet change reason: stopped grain free","True | False","Yes | No","dt","Comprehensive Diet Survey",2,TRUE
"HLES_dog_owner","dt_comm1_change_reason_started_grain_free","Diet change reason: started grain free","True | False","Yes | No","dt","Comprehensive Diet Survey",2,TRUE
"HLES_dog_owner","dt_comm1_change_reason_brand_change_health_diagnosis","Diet change reason: brand change health diagnosis","True | False","Yes | No","dt","Comprehensive Diet Survey",2,TRUE
"HLES_dog_owner","dt_comm1_change_reason_brand_change_other_reason","Diet change reason: brand change other reason","True | False","Yes | No","dt","Comprehensive Diet Survey",2,TRUE
"HLES_dog_owner","dt_comm1_change_reason_different_food_same_brand","Diet change reason: different food same brand","True | False","Yes | No","dt","Comprehensive Diet Survey",2,TRUE
"HLES_dog_owner","dt_comm1_change_reason_other","Diet change reason: other","True | False","Yes | No","dt","Comprehensive Diet Survey",2,TRUE
"HLES_dog_owner","dt_comm2_dietcomp","Considering this secondary component of your dog's food, which of the following best describes this component of your dog's diet?","1 | 2 | 3 | 4 | 5 | 6 | 7 | 8","Dry dog food (kibble) | Wet (canned) dog food | Semi-dry or semi-moist dog food | Freeze-dried food | Refrigerated or frozen cooked diet | Refrigerated or frozen raw diet | Home prepared cooked diet from a commercial kit | Home prepared raw diet from a commercial kit","dt","Comprehensive Diet Survey",8,TRUE
"HLES_dog_owner","dt_comm2_proteina","Looking at the packaging of this brand of food, what is the primary protein source in this formulation?
 
 Note: The primary protein source means the protein that is listed first and/or most frequently in the list of ingredients. Please read the following list of proteins and select the best option.","1 | 2 | 3 | 4 | 5 | 6 | 7 | 98","Chicken | Salmon | Beef | Lamb | Turkey | Beans | Hydrolyzed protein (any type) | See more options","dt","Comprehensive Diet Survey",8,TRUE
"HLES_dog_owner","dt_comm2_proteinb","From the list below, please select the protein source that is listed first and/or most frequently in the list of ingredients for your dog's food.","1 | 2 | 3 | 4 | 5 | 6 | 7 | 8 | 9 | 98","Duck or other poultry | Pork | Venison | Rabbit | Ostrich | Kangaroo | Whitefish | Tuna | Organ meats | Other protein not listed here","dt","Comprehensive Diet Survey",10,TRUE
"HLES_dog_owner","dt_comm2_carb","What is the primary carbohydrate source in this formulation? 
 
 Note: The primary carbohydrate source means the grain or starch that is listed first and/or most frequently in the list of ingredients. Please read the following list of carbohydrates and select the best option.","1 | 2 | 3 | 4 | 5 | 6 | 7 | 8 | 98","Rice (any type) | Potato | Sweet potato or yam | Corn | Ancient grains (quinoa | Oats or oatmeal | Wheat | Barley | Other carbohydrate source not listed here","dt","Comprehensive Diet Survey",9,TRUE
"HLES_dog_owner","dt_comm2_formula_puppy","Specific formulation: puppy","True | False","Yes | No","dt","Comprehensive Diet Survey",2,TRUE
"HLES_dog_owner","dt_comm2_formula_adult","Specific formulation: adult","True | False","Yes | No","dt","Comprehensive Diet Survey",2,TRUE
"HLES_dog_owner","dt_comm2_formula_senior","Specific formulation: senior","True | False","Yes | No","dt","Comprehensive Diet Survey",2,TRUE
"HLES_dog_owner","dt_comm2_formula_small_breed","Specific formulation: small_breed","True | False","Yes | No","dt","Comprehensive Diet Survey",2,TRUE
"HLES_dog_owner","dt_comm2_formula_large_breed","Specific formulation: large_breed","True | False","Yes | No","dt","Comprehensive Diet Survey",2,TRUE
"HLES_dog_owner","dt_comm2_formula_therapeutic","Specific formulation: therapeutic","True | False","Yes | No","dt","Comprehensive Diet Survey",2,TRUE
"HLES_dog_owner","dt_comm2_formula_vegan","Specific formulation: vegan","True | False","Yes | No","dt","Comprehensive Diet Survey",2,TRUE
"HLES_dog_owner","dt_comm2_formula_vegetarian","Specific formulation: vegetarian","True | False","Yes | No","dt","Comprehensive Diet Survey",2,TRUE
"HLES_dog_owner","dt_comm2_formula_organic","Specific formulation: organic","True | False","Yes | No","dt","Comprehensive Diet Survey",2,TRUE
"HLES_dog_owner","dt_comm2_formula_all_natural","Specific formulation: all_natural","True | False","Yes | No","dt","Comprehensive Diet Survey",2,TRUE
"HLES_dog_owner","dt_comm2_formula_none","Specific formulation: none","True | False","Yes | No","dt","Comprehensive Diet Survey",2,TRUE
"HLES_dog_owner","dt_comm2_prescription","Did a veterinarian write your dog a prescription for this brand of food?","True | False","Yes | No","dt","Comprehensive Diet Survey",2,TRUE
"HLES_dog_owner","dt_comm2_feed_daysweek","How many days a week do you feed this brand of food to your dog?","1 | 2 | 3 | 4 | 5 | 6 | 7","1 | 2 | 3 | 4 | 5 | 6 | 7","dt","Comprehensive Diet Survey",7,FALSE
"HLES_dog_owner","dt_comm2_feed_timesday","On the days that you feed this brand of food, how many times a day do you feed this brand of food?","1 | 2 | 3 | 4 | 5","1 | 2 | 3 | 4 | 5+","dt","Comprehensive Diet Survey",5,FALSE
"HLES_dog_owner","dt_comm2_measure","Please select the description below that best describes how you feed this brand of food to your dog.","1 | 2","I measure the amount of food I put in the bowl for each meal. | I put approximately the same amount of food in the bowl for each meal","dt","Comprehensive Diet Survey",2,TRUE
"HLES_dog_owner","dt_comm2_whole","Whole","0 | 1 | 2 | 3 | 4 | 5 | 6 | 7 | 8 | 9 | 10","0 | 1 | 2 | 3 | 4 | 5 | 6 | 7 | 8 | 9 | 10","dt","Comprehensive Diet Survey",11,FALSE
"HLES_dog_owner","dt_comm2_fractions","Fractions","0 | 25 | 33 | 50 | 66 | 75","0 | 1/4 | 1/3 | 1/2 | 2/3 | 3/4","dt","Comprehensive Diet Survey",6,FALSE
"HLES_dog_owner","dt_comm2_ff_estimate","Previously, you told us that you make sure there is always food available in your dog's bowl (free feeding). Do you think that you can estimate how much your dog's eats in a given day?","True | False","Yes | No","dt","Comprehensive Diet Survey",2,TRUE
"HLES_dog_owner","dt_comm2_ff_whole","Whole","0 | 1 | 2 | 3 | 4 | 5 | 6 | 7 | 8 | 9 | 10","0 | 1 | 2 | 3 | 4 | 5 | 6 | 7 | 8 | 9 | 10","dt","Comprehensive Diet Survey",11,FALSE
"HLES_dog_owner","dt_comm2_ff_fractions","Fractions","0 | 25 | 33 | 50 | 66 | 75","0 | 1/4 | 1/3 | 1/2 | 2/3 | 3/4","dt","Comprehensive Diet Survey",6,FALSE
"HLES_dog_owner","dt_comm2_durationfed","How long have you fed this particular type of food to your dog?","1 | 2 | 3 | 4 | 5 | 6","A month or less | 1 to 3 months | 3 to 6 months | 6 to 9 months | 9 to 12 months | A year or more","dt","Comprehensive Diet Survey",6,TRUE
"HLES_dog_owner","dt_comm2_change_reason_allergy","Diet change reason: allergy","True | False","Yes | No","dt","Comprehensive Diet Survey",2,TRUE
"HLES_dog_owner","dt_comm2_change_reason_lifestage","Diet change reason: lifestage","True | False","Yes | No","dt","Comprehensive Diet Survey",2,TRUE
"HLES_dog_owner","dt_comm2_change_reason_pregnant_nursing","Diet change reason: pregnant nursing","True | False","Yes | No","dt","Comprehensive Diet Survey",2,TRUE
"HLES_dog_owner","dt_comm2_change_reason_stopped_vegetarian_vegan","Diet change reason: stopped vegetarian vegan","True | False","Yes | No","dt","Comprehensive Diet Survey",2,TRUE
"HLES_dog_owner","dt_comm2_change_reason_started_vegetarian_vegan","Diet change reason: started vegetarian vegan","True | False","Yes | No","dt","Comprehensive Diet Survey",2,TRUE
"HLES_dog_owner","dt_comm2_change_reason_stopped_organic_all_natural","Diet change reason: stopped organic all natural","True | False","Yes | No","dt","Comprehensive Diet Survey",2,TRUE
"HLES_dog_owner","dt_comm2_change_reason_started_organic_all_natural","Diet change reason: started organic all natural","True | False","Yes | No","dt","Comprehensive Diet Survey",2,TRUE
"HLES_dog_owner","dt_comm2_change_reason_stopped_grain_free","Diet change reason: stopped grain free","True | False","Yes | No","dt","Comprehensive Diet Survey",2,TRUE
"HLES_dog_owner","dt_comm2_change_reason_started_grain_free","Diet change reason: started grain free","True | False","Yes | No","dt","Comprehensive Diet Survey",2,TRUE
"HLES_dog_owner","dt_comm2_change_reason_brand_change_health_diagnosis","Diet change reason: brand change health diagnosis","True | False","Yes | No","dt","Comprehensive Diet Survey",2,TRUE
"HLES_dog_owner","dt_comm2_change_reason_brand_change_other_reason","Diet change reason: brand change other reason","True | False","Yes | No","dt","Comprehensive Diet Survey",2,TRUE
"HLES_dog_owner","dt_comm2_change_reason_different_food_same_brand","Diet change reason: different food same brand","True | False","Yes | No","dt","Comprehensive Diet Survey",2,TRUE
"HLES_dog_owner","dt_comm2_change_reason_other","Diet change reason: other","True | False","Yes | No","dt","Comprehensive Diet Survey",2,TRUE
"HLES_dog_owner","dt_addition_meat_protein","Meat and/or seafood protein (beef, pork, lamb, poultry, fish, organ meats, processed deli meat, etc.)","0 | 1 | 2 | 3 | 4","Never | Rarely | Seasonally | Several times a month | At least once a week up to daily","dt","Comprehensive Diet Survey",5,TRUE
"HLES_dog_owner","dt_addition_nonmeat_protein","Non-meat protein (tofu, other soy products, egg, beans, peas, etc.)","0 | 1 | 2 | 3 | 4","Never | Rarely | Seasonally | Several times a month | At least once a week up to daily","dt","Comprehensive Diet Survey",5,TRUE
"HLES_dog_owner","dt_addition_grain","Grains, starches, and/or cereals (rice, potato, yam, corn, bread, pasta, grains, chips, crackers, etc.)","0 | 1 | 2 | 3 | 4","Never | Rarely | Seasonally | Several times a month | At least once a week up to daily","dt","Comprehensive Diet Survey",5,TRUE
"HLES_dog_owner","dt_addition_vegetable","Vegetables (leafy greens, squash, broccoli, kale, beans, corn, etc)","0 | 1 | 2 | 3 | 4","Never | Rarely | Seasonally | Several times a month | At least once a week up to daily","dt","Comprehensive Diet Survey",5,TRUE
"HLES_dog_owner","dt_addition_fruit","Fruits (berries, melons, apples, citrus, etc.)","0 | 1 | 2 | 3 | 4","Never | Rarely | Seasonally | Several times a month | At least once a week up to daily","dt","Comprehensive Diet Survey",5,TRUE
"HLES_dog_owner","dt_addition_dairy","Dairy and/or dairy alternatives (milk, cheese, yogurt, ice cream, etc.)","0 | 1 | 2 | 3 | 4","Never | Rarely | Seasonally | Several times a month | At least once a week up to daily","dt","Comprehensive Diet Survey",5,TRUE
"HLES_dog_owner","dt_addition_oil","Oils, fats, nuts and/or seeds (coconut oil, peanut butter, lard, gravy, broth, seeds, etc.)","0 | 1 | 2 | 3 | 4","Never | Rarely | Seasonally | Several times a month | At least once a week up to daily","dt","Comprehensive Diet Survey",5,TRUE
"HLES_dog_owner","dt_add_beef","Beef","0 | 1 | 2 | 3 | 4","Never | Rarely | Seasonally | Several times a month | At least once a week up to daily","dt","Comprehensive Diet Survey",5,TRUE
"HLES_dog_owner","dt_add_pork","Pork","0 | 1 | 2 | 3 | 4","Never | Rarely | Seasonally | Several times a month | At least once a week up to daily","dt","Comprehensive Diet Survey",5,TRUE
"HLES_dog_owner","dt_add_lamb","Lamb","0 | 1 | 2 | 3 | 4","Never | Rarely | Seasonally | Several times a month | At least once a week up to daily","dt","Comprehensive Diet Survey",5,TRUE
"HLES_dog_owner","dt_add_chicken","Chicken","0 | 1 | 2 | 3 | 4","Never | Rarely | Seasonally | Several times a month | At least once a week up to daily","dt","Comprehensive Diet Survey",5,TRUE
"HLES_dog_owner","dt_add_turkey","Turkey","0 | 1 | 2 | 3 | 4","Never | Rarely | Seasonally | Several times a month | At least once a week up to daily","dt","Comprehensive Diet Survey",5,TRUE
"HLES_dog_owner","dt_add_salmon","Salmon","0 | 1 | 2 | 3 | 4","Never | Rarely | Seasonally | Several times a month | At least once a week up to daily","dt","Comprehensive Diet Survey",5,TRUE
"HLES_dog_owner","dt_add_whitefish","Whitefish","0 | 1 | 2 | 3 | 4","Never | Rarely | Seasonally | Several times a month | At least once a week up to daily","dt","Comprehensive Diet Survey",5,TRUE
"HLES_dog_owner","dt_add_tuna","Tuna","0 | 1 | 2 | 3 | 4","Never | Rarely | Seasonally | Several times a month | At least once a week up to daily","dt","Comprehensive Diet Survey",5,TRUE
"HLES_dog_owner","dt_add_processed_meat","Processed deli meat","0 | 1 | 2 | 3 | 4","Never | Rarely | Seasonally | Several times a month | At least once a week up to daily","dt","Comprehensive Diet Survey",5,TRUE
"HLES_dog_owner","dt_add_organ_meat","Organ meats","0 | 1 | 2 | 3 | 4","Never | Rarely | Seasonally | Several times a month | At least once a week up to daily","dt","Comprehensive Diet Survey",5,TRUE
"HLES_dog_owner","dt_add_tripe","Tripe","0 | 1 | 2 | 3 | 4","Never | Rarely | Seasonally | Several times a month | At least once a week up to daily","dt","Comprehensive Diet Survey",5,TRUE
"HLES_dog_owner","dt_add_tofu","Tofu","0 | 1 | 2 | 3 | 4","Never | Rarely | Seasonally | Several times a month | At least once a week up to daily","dt","Comprehensive Diet Survey",5,TRUE
"HLES_dog_owner","dt_add_soy","Soy (other than tofu)","0 | 1 | 2 | 3 | 4","Never | Rarely | Seasonally | Several times a month | At least once a week up to daily","dt","Comprehensive Diet Survey",5,TRUE
"HLES_dog_owner","dt_add_egg","Egg","0 | 1 | 2 | 3 | 4","Never | Rarely | Seasonally | Several times a month | At least once a week up to daily","dt","Comprehensive Diet Survey",5,TRUE
"HLES_dog_owner","dt_add_bean","Beans, peas, or legumes (green peas, lentils, pinto, etc.)","0 | 1 | 2 | 3 | 4","Never | Rarely | Seasonally | Several times a month | At least once a week up to daily","dt","Comprehensive Diet Survey",5,TRUE
"HLES_dog_owner","dt_add_other_nonmeat_protein","Other","0 | 1 | 2 | 3 | 4","Never | Rarely | Seasonally | Several times a month | At least once a week up to daily","dt","Comprehensive Diet Survey",5,TRUE
"HLES_dog_owner","dt_add_pasta","Pasta","0 | 1 | 2 | 3 | 4","Never | Rarely | Seasonally | Several times a month | At least once a week up to daily","dt","Comprehensive Diet Survey",5,TRUE
"HLES_dog_owner","dt_add_pasta_whole","Pasta, whole grain","0 | 1 | 2 | 3 | 4","Never | Rarely | Seasonally | Several times a month | At least once a week up to daily","dt","Comprehensive Diet Survey",5,TRUE
"HLES_dog_owner","dt_add_bread_white","Bread, white","0 | 1 | 2 | 3 | 4","Never | Rarely | Seasonally | Several times a month | At least once a week up to daily","dt","Comprehensive Diet Survey",5,TRUE
"HLES_dog_owner","dt_add_bread_whole","Bread, whole grain","0 | 1 | 2 | 3 | 4","Never | Rarely | Seasonally | Several times a month | At least once a week up to daily","dt","Comprehensive Diet Survey",5,TRUE
"HLES_dog_owner","dt_add_rice_white","Rice, white","0 | 1 | 2 | 3 | 4","Never | Rarely | Seasonally | Several times a month | At least once a week up to daily","dt","Comprehensive Diet Survey",5,TRUE
"HLES_dog_owner","dt_add_rice_brown","Rice, brown or wild","0 | 1 | 2 | 3 | 4","Never | Rarely | Seasonally | Several times a month | At least once a week up to daily","dt","Comprehensive Diet Survey",5,TRUE
"HLES_dog_owner","dt_add_potato","Potato","0 | 1 | 2 | 3 | 4","Never | Rarely | Seasonally | Several times a month | At least once a week up to daily","dt","Comprehensive Diet Survey",5,TRUE
"HLES_dog_owner","dt_add_yam","Sweet potato or yam","0 | 1 | 2 | 3 | 4","Never | Rarely | Seasonally | Several times a month | At least once a week up to daily","dt","Comprehensive Diet Survey",5,TRUE
"HLES_dog_owner","dt_add_quinoa","Quinoa","0 | 1 | 2 | 3 | 4","Never | Rarely | Seasonally | Several times a month | At least once a week up to daily","dt","Comprehensive Diet Survey",5,TRUE
"HLES_dog_owner","dt_add_bran","Bran","0 | 1 | 2 | 3 | 4","Never | Rarely | Seasonally | Several times a month | At least once a week up to daily","dt","Comprehensive Diet Survey",5,TRUE
"HLES_dog_owner","dt_add_corn","Corn","0 | 1 | 2 | 3 | 4","Never | Rarely | Seasonally | Several times a month | At least once a week up to daily","dt","Comprehensive Diet Survey",5,TRUE
"HLES_dog_owner","dt_add_cookie","Cookies (the human kind not cookies meant for dogs)","0 | 1 | 2 | 3 | 4","Never | Rarely | Seasonally | Several times a month | At least once a week up to daily","dt","Comprehensive Diet Survey",5,TRUE
"HLES_dog_owner","dt_add_cake","Cake","0 | 1 | 2 | 3 | 4","Never | Rarely | Seasonally | Several times a month | At least once a week up to daily","dt","Comprehensive Diet Survey",5,TRUE
"HLES_dog_owner","dt_add_pastry","Pastries (other than cookies or cake)","0 | 1 | 2 | 3 | 4","Never | Rarely | Seasonally | Several times a month | At least once a week up to daily","dt","Comprehensive Diet Survey",5,TRUE
"HLES_dog_owner","dt_add_oatmeal","Oatmeal","0 | 1 | 2 | 3 | 4","Never | Rarely | Seasonally | Several times a month | At least once a week up to daily","dt","Comprehensive Diet Survey",5,TRUE
"HLES_dog_owner","dt_add_crackers","Crackers","0 | 1 | 2 | 3 | 4","Never | Rarely | Seasonally | Several times a month | At least once a week up to daily","dt","Comprehensive Diet Survey",5,TRUE
"HLES_dog_owner","dt_add_chips","Potato chips, tortilla chips, pretzels","0 | 1 | 2 | 3 | 4","Never | Rarely | Seasonally | Several times a month | At least once a week up to daily","dt","Comprehensive Diet Survey",5,TRUE
"HLES_dog_owner","dt_add_leafy","Leafy vegetables (lettuce, spinach, herbs, etc.)","0 | 1 | 2 | 3 | 4","Never | Rarely | Seasonally | Several times a month | At least once a week up to daily","dt","Comprehensive Diet Survey",5,TRUE
"HLES_dog_owner","dt_add_squash","Squash (winter squash, pumpkin, yellow squash, zucchini, eggplant)","0 | 1 | 2 | 3 | 4","Never | Rarely | Seasonally | Several times a month | At least once a week up to daily","dt","Comprehensive Diet Survey",5,TRUE
"HLES_dog_owner","dt_add_cruciferous","Cruciferous vegetables (arugula, bok choy, broccoli, Brussels sprouts, cabbage, cauliflower, collard greens, kale, radishes, rutabaga, turnips, watercress)< /em>","0 | 1 | 2 | 3 | 4","Never | Rarely | Seasonally | Several times a month | At least once a week up to daily","dt","Comprehensive Diet Survey",5,TRUE
"HLES_dog_owner","dt_add_other_vegetable","Other vegetables (green beans, celery, asparagus, carrots, tomato, bell pepper)","0 | 1 | 2 | 3 | 4","Never | Rarely | Seasonally | Several times a month | At least once a week up to daily","dt","Comprehensive Diet Survey",5,TRUE
"HLES_dog_owner","dt_add_berry","Berries (strawberry, blueberry, blackberry, raspberry, etc.)","0 | 1 | 2 | 3 | 4","Never | Rarely | Seasonally | Several times a month | At least once a week up to daily","dt","Comprehensive Diet Survey",5,TRUE
"HLES_dog_owner","dt_add_melon","Melons (watermelon, cantaloupe, honeydew, etc.)","0 | 1 | 2 | 3 | 4","Never | Rarely | Seasonally | Several times a month | At least once a week up to daily","dt","Comprehensive Diet Survey",5,TRUE
"HLES_dog_owner","dt_add_pitted_fruit","Pitted fruits (cherry, apricot, peach, plum, etc.)","0 | 1 | 2 | 3 | 4","Never | Rarely | Seasonally | Several times a month | At least once a week up to daily","dt","Comprehensive Diet Survey",5,TRUE
"HLES_dog_owner","dt_add_apple","Apples or pears","0 | 1 | 2 | 3 | 4","Never | Rarely | Seasonally | Several times a month | At least once a week up to daily","dt","Comprehensive Diet Survey",5,TRUE
"HLES_dog_owner","dt_add_citrus_fruit","Citrus fruits (orange, grapefruit, tangerine, etc.)","0 | 1 | 2 | 3 | 4","Never | Rarely | Seasonally | Several times a month | At least once a week up to daily","dt","Comprehensive Diet Survey",5,TRUE
"HLES_dog_owner","dt_add_tropical_fruit","Tropical fruits (banana, coconut, fig, mango, pineapple, etc.)","0 | 1 | 2 | 3 | 4","Never | Rarely | Seasonally | Several times a month | At least once a week up to daily","dt","Comprehensive Diet Survey",5,TRUE
"HLES_dog_owner","dt_add_milk","Milk (cow, goat, etc.)","0 | 1 | 2 | 3 | 4","Never | Rarely | Seasonally | Several times a month | At least once a week up to daily","dt","Comprehensive Diet Survey",5,TRUE
"HLES_dog_owner","dt_add_soy_milk","Soy milk","0 | 1 | 2 | 3 | 4","Never | Rarely | Seasonally | Several times a month | At least once a week up to daily","dt","Comprehensive Diet Survey",5,TRUE
"HLES_dog_owner","dt_add_almond_milk","Almond milk","0 | 1 | 2 | 3 | 4","Never | Rarely | Seasonally | Several times a month | At least once a week up to daily","dt","Comprehensive Diet Survey",5,TRUE
"HLES_dog_owner","dt_add_oat_milk","Oat milk","0 | 1 | 2 | 3 | 4","Never | Rarely | Seasonally | Several times a month | At least once a week up to daily","dt","Comprehensive Diet Survey",5,TRUE
"HLES_dog_owner","dt_add_coconut_milk","Coconut milk","0 | 1 | 2 | 3 | 4","Never | Rarely | Seasonally | Several times a month | At least once a week up to daily","dt","Comprehensive Diet Survey",5,TRUE
"HLES_dog_owner","dt_add_yogurt","Yogurt","0 | 1 | 2 | 3 | 4","Never | Rarely | Seasonally | Several times a month | At least once a week up to daily","dt","Comprehensive Diet Survey",5,TRUE
"HLES_dog_owner","dt_add_cheese","Cheese","0 | 1 | 2 | 3 | 4","Never | Rarely | Seasonally | Several times a month | At least once a week up to daily","dt","Comprehensive Diet Survey",5,TRUE
"HLES_dog_owner","dt_add_cottage_cheese","Cottage cheese","0 | 1 | 2 | 3 | 4","Never | Rarely | Seasonally | Several times a month | At least once a week up to daily","dt","Comprehensive Diet Survey",5,TRUE
"HLES_dog_owner","dt_add_ice_cream","Ice cream","0 | 1 | 2 | 3 | 4","Never | Rarely | Seasonally | Several times a month | At least once a week up to daily","dt","Comprehensive Diet Survey",5,TRUE
"HLES_dog_owner","dt_add_frozen_yogurt","Frozen yogurt","0 | 1 | 2 | 3 | 4","Never | Rarely | Seasonally | Several times a month | At least once a week up to daily","dt","Comprehensive Diet Survey",5,TRUE
"HLES_dog_owner","dt_add_sunflower_oil","Sunflower oil","0 | 1 | 2 | 3 | 4","Never | Rarely | Seasonally | Several times a month | At least once a week up to daily","dt","Comprehensive Diet Survey",5,TRUE
"HLES_dog_owner","dt_add_corn_oil","Corn oil","0 | 1 | 2 | 3 | 4","Never | Rarely | Seasonally | Several times a month | At least once a week up to daily","dt","Comprehensive Diet Survey",5,TRUE
"HLES_dog_owner","dt_add_olive_oil","Olive oil","0 | 1 | 2 | 3 | 4","Never | Rarely | Seasonally | Several times a month | At least once a week up to daily","dt","Comprehensive Diet Survey",5,TRUE
"HLES_dog_owner","dt_add_soy_oil","Soy oil","0 | 1 | 2 | 3 | 4","Never | Rarely | Seasonally | Several times a month | At least once a week up to daily","dt","Comprehensive Diet Survey",5,TRUE
"HLES_dog_owner","dt_add_coconut_oil","Coconut oil","0 | 1 | 2 | 3 | 4","Never | Rarely | Seasonally | Several times a month | At least once a week up to daily","dt","Comprehensive Diet Survey",5,TRUE
"HLES_dog_owner","dt_add_canola_oil","Canola oil","0 | 1 | 2 | 3 | 4","Never | Rarely | Seasonally | Several times a month | At least once a week up to daily","dt","Comprehensive Diet Survey",5,TRUE
"HLES_dog_owner","dt_add_vegetable_oil","Vegetable oil","0 | 1 | 2 | 3 | 4","Never | Rarely | Seasonally | Several times a month | At least once a week up to daily","dt","Comprehensive Diet Survey",5,TRUE
"HLES_dog_owner","dt_add_peanut_butter","Peanut butter","0 | 1 | 2 | 3 | 4","Never | Rarely | Seasonally | Several times a month | At least once a week up to daily","dt","Comprehensive Diet Survey",5,TRUE
"HLES_dog_owner","dt_add_almond_butter","Almond butter","0 | 1 | 2 | 3 | 4","Never | Rarely | Seasonally | Several times a month | At least once a week up to daily","dt","Comprehensive Diet Survey",5,TRUE
"HLES_dog_owner","dt_add_lard_or_suet","Lard or suet","0 | 1 | 2 | 3 | 4","Never | Rarely | Seasonally | Several times a month | At least once a week up to daily","dt","Comprehensive Diet Survey",5,TRUE
"HLES_dog_owner","dt_add_beef_fat","Beef fat, broth, or gravy","0 | 1 | 2 | 3 | 4","Never | Rarely | Seasonally | Several times a month | At least once a week up to daily","dt","Comprehensive Diet Survey",5,TRUE
"HLES_dog_owner","dt_add_poultry_fat","Poultry fat, broth, or gravy","0 | 1 | 2 | 3 | 4","Never | Rarely | Seasonally | Several times a month | At least once a week up to daily","dt","Comprehensive Diet Survey",5,TRUE
"HLES_dog_owner","dt_add_pork_fat","Pork fat, bacon, broth, or gravy","0 | 1 | 2 | 3 | 4","Never | Rarely | Seasonally | Several times a month | At least once a week up to daily","dt","Comprehensive Diet Survey",5,TRUE
"HLES_dog_owner","dt_add_sunflower_seed","Sunflower seeds","0 | 1 | 2 | 3 | 4","Never | Rarely | Seasonally | Several times a month | At least once a week up to daily","dt","Comprehensive Diet Survey",5,TRUE
"HLES_dog_owner","dt_add_pumpkin_seed","Pumpkin seeds","0 | 1 | 2 | 3 | 4","Never | Rarely | Seasonally | Several times a month | At least once a week up to daily","dt","Comprehensive Diet Survey",5,TRUE
"HLES_dog_owner","dt_add_pepita","Pepitas","0 | 1 | 2 | 3 | 4","Never | Rarely | Seasonally | Several times a month | At least once a week up to daily","dt","Comprehensive Diet Survey",5,TRUE
"HLES_dog_owner","dt_add_peanut","Peanuts","0 | 1 | 2 | 3 | 4","Never | Rarely | Seasonally | Several times a month | At least once a week up to daily","dt","Comprehensive Diet Survey",5,TRUE
"HLES_dog_owner","dt_add_almond","Almonds","0 | 1 | 2 | 3 | 4","Never | Rarely | Seasonally | Several times a month | At least once a week up to daily","dt","Comprehensive Diet Survey",5,TRUE
"HLES_dog_owner","dt_add_walnut","Walnuts","0 | 1 | 2 | 3 | 4","Never | Rarely | Seasonally | Several times a month | At least once a week up to daily","dt","Comprehensive Diet Survey",5,TRUE
"HLES_dog_owner","dt_supplements_type_none","Supplement: none","True | False","Yes | No","dt","Comprehensive Diet Survey",2,TRUE
"HLES_dog_owner","dt_supplements_type_bonemeal","Supplement: bonemeal","True | False","Yes | No","dt","Comprehensive Diet Survey",2,TRUE
"HLES_dog_owner","dt_supplements_type_glucosamine","Supplement: glucosamine","True | False","Yes | No","dt","Comprehensive Diet Survey",2,TRUE
"HLES_dog_owner","dt_supplements_type_chondroitin","Supplement: chondroitin","True | False","Yes | No","dt","Comprehensive Diet Survey",2,TRUE
"HLES_dog_owner","dt_supplements_type_otherjoint","Supplement: otherjoint","True | False","Yes | No","dt","Comprehensive Diet Survey",2,TRUE
"HLES_dog_owner","dt_supplements_type_skin","Supplement: skin","True | False","Yes | No","dt","Comprehensive Diet Survey",2,TRUE
"HLES_dog_owner","dt_supplements_type_vitamins","Supplement: vitamins","True | False","Yes | No","dt","Comprehensive Diet Survey",2,TRUE
"HLES_dog_owner","dt_supplements_type_enzymes","Supplement: enzymes","True | False","Yes | No","dt","Comprehensive Diet Survey",2,TRUE
"HLES_dog_owner","dt_supplements_type_probiotics","Supplement: probiotics","True | False","Yes | No","dt","Comprehensive Diet Survey",2,TRUE
"HLES_dog_owner","dt_supplements_type_fiber","Supplement: fiber","True | False","Yes | No","dt","Comprehensive Diet Survey",2,TRUE
"HLES_dog_owner","dt_supplements_type_alkalinize","Supplement: alkalinize","True | False","Yes | No","dt","Comprehensive Diet Survey",2,TRUE
"HLES_dog_owner","dt_supplements_type_acidify","Supplement: acidify","True | False","Yes | No","dt","Comprehensive Diet Survey",2,TRUE
"HLES_dog_owner","dt_supplements_type_taurine","Supplement: taurine","True | False","Yes | No","dt","Comprehensive Diet Survey",2,TRUE
"HLES_dog_owner","dt_supplements_type_antioxidants","Supplement: antioxidants","True | False","Yes | No","dt","Comprehensive Diet Survey",2,TRUE
"HLES_dog_owner","dt_supplements_type_coq10","Supplement: coq10","True | False","Yes | No","dt","Comprehensive Diet Survey",2,TRUE
"HLES_dog_owner","dt_supplements_type_fishoil","Supplement: fishoil","True | False","Yes | No","dt","Comprehensive Diet Survey",2,TRUE
"HLES_dog_owner","dt_supplements_type_otheromega3","Supplement: otheromega3","True | False","Yes | No","dt","Comprehensive Diet Survey",2,TRUE
"HLES_dog_owner","dt_supplements_type_cbd","Supplement: cbd","True | False","Yes | No","dt","Comprehensive Diet Survey",2,TRUE
"HLES_dog_owner","dt_supplements_type_turmeric","Supplement: turmeric","True | False","Yes | No","dt","Comprehensive Diet Survey",2,TRUE
"HLES_dog_owner","dt_supplements_type_liver","Supplement: liver","True | False","Yes | No","dt","Comprehensive Diet Survey",2,TRUE
"HLES_dog_owner","dt_supplements_type_immune","Supplement: immune","True | False","Yes | No","dt","Comprehensive Diet Survey",2,TRUE
"HLES_dog_owner","dt_supplements_type_antiallergic","Supplement: antiallergic","True | False","Yes | No","dt","Comprehensive Diet Survey",2,TRUE
"HLES_dog_owner","dt_supplements_type_other","Supplement: other","True | False","Yes | No","dt","Comprehensive Diet Survey",2,TRUE
"HLES_dog_owner","dt_supplements_bonemeal_freq","How often do you give your dog bone meal?","1 | 2 | 3 | 4 | 5 | 6 | 98","Once a day | Twice a day | Three or more times a day | Weekly | Monthly | Less than monthly | Other","dt","Comprehensive Diet Survey",7,TRUE
"HLES_dog_owner","dt_supplements_glocosamine_freq","How often do you give your dog glucosamine (joint supplement)?","1 | 2 | 3 | 4 | 5 | 6 | 98","Once a day | Twice a day | Three or more times a day | Weekly | Monthly | Less than monthly | Other","dt","Comprehensive Diet Survey",7,TRUE
"HLES_dog_owner","dt_supplements_chondroitin_freq","How often do you give your dog chondroitin sulfate (joint supplement)?","1 | 2 | 3 | 4 | 5 | 6 | 98","Once a day | Twice a day | Three or more times a day | Weekly | Monthly | Less than monthly | Other","dt","Comprehensive Diet Survey",7,TRUE
"HLES_dog_owner","dt_supplements_otherjoint_freq","How often do you give your dog other joint supplement?","1 | 2 | 3 | 4 | 5 | 6 | 98","Once a day | Twice a day | Three or more times a day | Weekly | Monthly | Less than monthly | Other","dt","Comprehensive Diet Survey",7,TRUE
"HLES_dog_owner","dt_supplements_skin_freq","How often do you give your dog skin or coat supplement?","1 | 2 | 3 | 4 | 5 | 6 | 98","Once a day | Twice a day | Three or more times a day | Weekly | Monthly | Less than monthly | Other","dt","Comprehensive Diet Survey",7,TRUE
"HLES_dog_owner","dt_supplements_vitamins_freq","How often do you give your dog vitamins (B12, C, D, etc.)?","1 | 2 | 3 | 4 | 5 | 6 | 98","Once a day | Twice a day | Three or more times a day | Weekly | Monthly | Less than monthly | Other","dt","Comprehensive Diet Survey",7,TRUE
"HLES_dog_owner","dt_supplements_enzymes_freq","How often do you give your dog enzymes?","1 | 2 | 3 | 4 | 5 | 6 | 98","Once a day | Twice a day | Three or more times a day | Weekly | Monthly | Less than monthly | Other","dt","Comprehensive Diet Survey",7,TRUE
"HLES_dog_owner","dt_supplements_probiotics_freq","How often do you give your dog probiotics?","1 | 2 | 3 | 4 | 5 | 6 | 98","Once a day | Twice a day | Three or more times a day | Weekly | Monthly | Less than monthly | Other","dt","Comprehensive Diet Survey",7,TRUE
"HLES_dog_owner","dt_supplements_fiber_freq","How often do you give your dog fiber?","1 | 2 | 3 | 4 | 5 | 6 | 98","Once a day | Twice a day | Three or more times a day | Weekly | Monthly | Less than monthly | Other","dt","Comprehensive Diet Survey",7,TRUE
"HLES_dog_owner","dt_supplements_alkalinize_freq","How often do you give your dog supplement to alkalinize urine?","1 | 2 | 3 | 4 | 5 | 6 | 98","Once a day | Twice a day | Three or more times a day | Weekly | Monthly | Less than monthly | Other","dt","Comprehensive Diet Survey",7,TRUE
"HLES_dog_owner","dt_supplements_acidify_freq","How often do you give your dog supplement to acidify urine?","1 | 2 | 3 | 4 | 5 | 6 | 98","Once a day | Twice a day | Three or more times a day | Weekly | Monthly | Less than monthly | Other","dt","Comprehensive Diet Survey",7,TRUE
"HLES_dog_owner","dt_supplements_taurine_freq","How often do you give your dog taurine or carnitine?","1 | 2 | 3 | 4 | 5 | 6 | 98","Once a day | Twice a day | Three or more times a day | Weekly | Monthly | Less than monthly | Other","dt","Comprehensive Diet Survey",7,TRUE
"HLES_dog_owner","dt_supplements_antioxidants_freq","How often do you give your dog antioxidants?","1 | 2 | 3 | 4 | 5 | 6 | 98","Once a day | Twice a day | Three or more times a day | Weekly | Monthly | Less than monthly | Other","dt","Comprehensive Diet Survey",7,TRUE
"HLES_dog_owner","dt_supplements_coq10_freq","How often do you give your dog coenzyme Q10?","1 | 2 | 3 | 4 | 5 | 6 | 98","Once a day | Twice a day | Three or more times a day | Weekly | Monthly | Less than monthly | Other","dt","Comprehensive Diet Survey",7,TRUE
"HLES_dog_owner","dt_supplements_fishoil_freq","How often do you give your dog Omega 3 fatty acids from fish oil?","1 | 2 | 3 | 4 | 5 | 6 | 98","Once a day | Twice a day | Three or more times a day | Weekly | Monthly | Less than monthly | Other","dt","Comprehensive Diet Survey",7,TRUE
"HLES_dog_owner","dt_supplements_otheromega3_freq","How often do you give your dog Omega 3 fatty acids form other sources (flaxseed, algae, etc.)?","1 | 2 | 3 | 4 | 5 | 6 | 98","Once a day | Twice a day | Three or more times a day | Weekly | Monthly | Less than monthly | Other","dt","Comprehensive Diet Survey",7,TRUE
"HLES_dog_owner","dt_supplements_cbd_freq","How often do you give your dog CBD (oils or chews)?","1 | 2 | 3 | 4 | 5 | 6 | 98","Once a day | Twice a day | Three or more times a day | Weekly | Monthly | Less than monthly | Other","dt","Comprehensive Diet Survey",7,TRUE
"HLES_dog_owner","dt_supplements_turmeric_freq","How often do you give your dog turmeric?","1 | 2 | 3 | 4 | 5 | 6 | 98","Once a day | Twice a day | Three or more times a day | Weekly | Monthly | Less than monthly | Other","dt","Comprehensive Diet Survey",7,TRUE
"HLES_dog_owner","dt_supplements_liver_freq","How often do you give your dog liver support supplements (SAMe, milk thistle, etc.)?","1 | 2 | 3 | 4 | 5 | 6 | 98","Once a day | Twice a day | Three or more times a day | Weekly | Monthly | Less than monthly | Other","dt","Comprehensive Diet Survey",7,TRUE
"HLES_dog_owner","dt_supplements_immune_freq","How often do you give your dog immune support supplements?","1 | 2 | 3 | 4 | 5 | 6 | 98","Once a day | Twice a day | Three or more times a day | Weekly | Monthly | Less than monthly | Other","dt","Comprehensive Diet Survey",7,TRUE
"HLES_dog_owner","dt_supplements_antiallergic_freq","How often do you give your dog supplements used to reduce the effect of allergic reactions (bee pollen, etc.)?","1 | 2 | 3 | 4 | 5 | 6 | 98","Once a day | Twice a day | Three or more times a day | Weekly | Monthly | Less than monthly | Other","dt","Comprehensive Diet Survey",7,TRUE
"HLES_dog_owner","dt_supplements_other_freq","How often do you give your dog other type of supplements?","1 | 2 | 3 | 4 | 5 | 6 | 98","Once a day | Twice a day | Three or more times a day | Weekly | Monthly | Less than monthly | Other","dt","Comprehensive Diet Survey",7,TRUE
"HLES_dog_owner","dt_treats_type_none","Type of treats: none","True | False","Yes | No","dt","Comprehensive Diet Survey",2,TRUE
"HLES_dog_owner","dt_treats_type_crunchy","Type of treats: crunchy","True | False","Yes | No","dt","Comprehensive Diet Survey",2,TRUE
"HLES_dog_owner","dt_treats_type_chewy","Type of treats: chewy","True | False","Yes | No","dt","Comprehensive Diet Survey",2,TRUE
"HLES_dog_owner","dt_treats_type_rawhide","Type of treats: rawhide","True | False","Yes | No","dt","Comprehensive Diet Survey",2,TRUE
"HLES_dog_owner","dt_treats_type_dental","Type of treats: dental","True | False","Yes | No","dt","Comprehensive Diet Survey",2,TRUE
"HLES_dog_owner","dt_treats_type_lowcal","Type of treats: lowcal","True | False","Yes | No","dt","Comprehensive Diet Survey",2,TRUE
"HLES_dog_owner","dt_treats_type_freeze","Type of treats: freeze","True | False","Yes | No","dt","Comprehensive Diet Survey",2,TRUE
"HLES_dog_owner","dt_treats_type_other","Type of treats: other","True | False","Yes | No","dt","Comprehensive Diet Survey",2,TRUE
"HLES_dog_owner","dt_treats_crunchy_freq","How often do you feed your dog crunchy dog biscuits or cookies?","1 | 2 | 3","Daily | Not daily but at least once a week | Less frequently than once a week","dt","Comprehensive Diet Survey",3,TRUE
"HLES_dog_owner","dt_treats_crunchy_daysweek","How many days a week do you feed your dog crunchy dog biscuits or cookies?","1 | 2 | 3 | 4 | 5 | 6","1 | 2 | 3 | 4 | 5 | 6","dt","Comprehensive Diet Survey",6,FALSE
"HLES_dog_owner","dt_treats_chewy_freq","How often do you feed your dog soft, moist, or chewy dog biscuits or dog cookies?","1 | 2 | 3","Daily | Not daily but at least once a week | Less frequently than once a week","dt","Comprehensive Diet Survey",3,TRUE
"HLES_dog_owner","dt_treats_chewy_daysweek","How many days a week do you feed your dog soft, moist, or chewy dog biscuits or dog cookies?","1 | 2 | 3 | 4 | 5 | 6","1 | 2 | 3 | 4 | 5 | 6","dt","Comprehensive Diet Survey",6,FALSE
"HLES_dog_owner","dt_treats_rawhide_freq","How often do you feed your dog pig ears, bully sticks, jerky treats, and/or rawhide treats?","1 | 2 | 3","Daily | Not daily but at least once a week | Less frequently than once a week","dt","Comprehensive Diet Survey",3,TRUE
"HLES_dog_owner","dt_treats_rawhide_daysweek","How many days a week do you feed your dog pig ears, bully sticks, jerky treats, and/or rawhide treats?","1 | 2 | 3 | 4 | 5 | 6","1 | 2 | 3 | 4 | 5 | 6","dt","Comprehensive Diet Survey",6,FALSE
"HLES_dog_owner","dt_treats_dental_freq","How often do you feed your dog dental chews (Greenies, Denta stix, etc.)?","1 | 2 | 3","Daily | Not daily but at least once a week | Less frequently than once a week","dt","Comprehensive Diet Survey",3,TRUE
"HLES_dog_owner","dt_treats_dental_daysweek","How many days a week do you feed your dog dental chews (Greenies, Denta stix, etc.)?","1 | 2 | 3 | 4 | 5 | 6","1 | 2 | 3 | 4 | 5 | 6","dt","Comprehensive Diet Survey",6,FALSE
"HLES_dog_owner","dt_treats_lowcal_freq","How often do you feed your dog small or low calorie training-type treats?","1 | 2 | 3","Daily | Not daily but at least once a week | Less frequently than once a week","dt","Comprehensive Diet Survey",3,TRUE
"HLES_dog_owner","dt_treats_lowcal_daysweek","How many days a week do you feed your dog small or low calorie training-type treats?","1 | 2 | 3 | 4 | 5 | 6","1 | 2 | 3 | 4 | 5 | 6","dt","Comprehensive Diet Survey",6,FALSE
"HLES_dog_owner","dt_treats_freeze_freq","How often do you feed your dog freeze dried treats?","1 | 2 | 3","Daily | Not daily but at least once a week | Less frequently than once a week","dt","Comprehensive Diet Survey",3,TRUE
"HLES_dog_owner","dt_treats_freeze_daysweek","How many days a week do you feed your dog freeze dried treats?","1 | 2 | 3 | 4 | 5 | 6","1 | 2 | 3 | 4 | 5 | 6","dt","Comprehensive Diet Survey",6,FALSE
"HLES_dog_owner","dt_treats_other_freq","How often do you feed your dog other type of treats?","1 | 2 | 3","Daily | Not daily but at least once a week | Less frequently than once a week","dt","Comprehensive Diet Survey",3,TRUE
"HLES_dog_owner","dt_treats_other_daysweek","How many days a week do you feed your dog other type of treats?","1 | 2 | 3 | 4 | 5 | 6","1 | 2 | 3 | 4 | 5 | 6","dt","Comprehensive Diet Survey",6,FALSE
"HLES_dog_owner","mp_dental_examination_frequency","How often do you examine your dog's teeth and mouth?","0 | 1 | 2 | 3 | 4"," Never  |  Occasionally  |  Monthly  |  Weekly  |  Daily","mp","Medicines and Preventatives",5,TRUE
"HLES_dog_owner","mp_dental_brushing_frequency","How often do you brush your dog's teeth?","0 | 1 | 2 | 3 | 4"," Never  |  Occasionally  |  Monthly  |  Weekly  |  Daily","mp","Medicines and Preventatives",5,TRUE
"HLES_dog_owner","mp_dental_treat_frequency","How often do you give your dog a dental care treat?","0 | 1 | 2 | 3 | 4"," Never  |  Occasionally  |  Monthly  |  Weekly  |  Daily","mp","Medicines and Preventatives",5,TRUE
"HLES_dog_owner","mp_dental_food_frequency","How often do you give your dog a dental food?","0 | 1 | 2 | 3 | 4"," Never  |  Occasionally  |  Monthly  |  Weekly  |  Daily","mp","Medicines and Preventatives",5,TRUE
"HLES_dog_owner","mp_dental_breath_freshener_frequency","How often do you give your dog a mouthwash or water additive to freshen their breath?","0 | 1 | 2 | 3 | 4"," Never  |  Occasionally  |  Monthly  |  Weekly  |  Daily","mp","Medicines and Preventatives",5,TRUE
"HLES_dog_owner","mp_dental_procedure_undergone","Has your dog undergone any dental procedures?","True | False","Yes | No","mp","Medicines and Preventatives",2,TRUE
"HLES_dog_owner","mp_dental_cleaning","Has your dog had a routine dental cleaning performed?","True | False","Yes | No","mp","Medicines and Preventatives",2,TRUE
"HLES_dog_owner","mp_dental_cleaning_months_ago","Approximately how long ago was the last routine cleaning?","1 | 2 | 3 | 99"," Less than 6 months |  6 months - 12 months |  More than 12 months |  Unknown","mp","Medicines and Preventatives",4,TRUE
"HLES_dog_owner","mp_dental_extraction","Has your dog had a dental extraction (tooth removal) performed?","True | False","Yes | No","mp","Medicines and Preventatives",2,TRUE
"HLES_dog_owner","mp_dental_extraction_months_ago","Approximately how long ago was the most recent extraction?","1 | 2 | 3 | 99"," Less than 6 months  |  6 months - 12 months  |  More than 12 months  |  Unknown","mp","Medicines and Preventatives",4,TRUE
"HLES_dog_owner","mp_professional_grooming","Is your dog ever professionally groomed?","True | False","Yes | No","mp","Medicines and Preventatives",2,TRUE
"HLES_dog_owner","mp_professional_grooming_frequency","How often is your dog professionally groomed?","1 | 2 | 3 | 4 | 5"," Once a year  |  2 - 6 times per year  |  7 - 11 times per year  |  Monthly  |  Weekly","mp","Medicines and Preventatives",5,TRUE
"HLES_dog_owner","mp_professional_grooming_shampoos_regular","Please indicate which type of shampoo the groomer uses: Regular shampoo for dogs","True | False","Yes | No","mp","Medicines and Preventatives",2,TRUE
"HLES_dog_owner","mp_professional_grooming_shampoos_flea_or_tick_control","Please indicate which type of shampoo the groomer uses: Flea or tick control","True | False","Yes | No","mp","Medicines and Preventatives",2,TRUE
"HLES_dog_owner","mp_professional_grooming_shampoos_medicated","Please indicate which type of shampoo the groomer uses: Medicated","True | False","Yes | No","mp","Medicines and Preventatives",2,TRUE
"HLES_dog_owner","mp_professional_grooming_shampoos_none","Please indicate which type of shampoo the groomer uses: None","True | False","Yes | No","mp","Medicines and Preventatives",2,TRUE
"HLES_dog_owner","mp_professional_grooming_shampoos_unknown","Please indicate which type of shampoo the groomer uses: Unknown","True | False","Yes | No","mp","Medicines and Preventatives",2,TRUE
"HLES_dog_owner","mp_professional_grooming_shampoos_other","Please indicate which type of shampoo the groomer uses: Other","True | False","Yes | No","mp","Medicines and Preventatives",2,TRUE
"HLES_dog_owner","mp_home_grooming","Is your dog ever washed and/or groomed at home or a self-grooming facility?","True | False","Yes | No","mp","Medicines and Preventatives",2,TRUE
"HLES_dog_owner","mp_home_grooming_frequency","How often do you wash and/or groom your dog at home or a self-grooming facility?","1 | 2 | 3 | 4 | 5"," Once a year  |  2 - 6 times per year  |  7 - 11 times per year  |  Monthly  |  Weekly","mp","Medicines and Preventatives",5,TRUE
"HLES_dog_owner","mp_home_grooming_shampoos_regular","Please indicate which type of shampoo you use: Regular shampoo for dogs","True | False","Yes | No","mp","Medicines and Preventatives",2,TRUE
"HLES_dog_owner","mp_home_grooming_shampoos_flea_or_tick_control","Please indicate which type of shampoo you use: Flea or tick control","True | False","Yes | No","mp","Medicines and Preventatives",2,TRUE
"HLES_dog_owner","mp_home_grooming_shampoos_medicated","Please indicate which type of shampoo you use: Medicated","True | False","Yes | No","mp","Medicines and Preventatives",2,TRUE
"HLES_dog_owner","mp_home_grooming_shampoos_none","Please indicate which type of shampoo you use: None","True | False","Yes | No","mp","Medicines and Preventatives",2,TRUE
"HLES_dog_owner","mp_home_grooming_shampoos_unknown","Please indicate which type of shampoo you use: Unknown","True | False","Yes | No","mp","Medicines and Preventatives",2,TRUE
"HLES_dog_owner","mp_home_grooming_shampoos_other","Please indicate which type of shampoo you use: Other","True | False","Yes | No","mp","Medicines and Preventatives",2,TRUE
"HLES_dog_owner","mp_flea_and_tick_treatment","Do you use any type of products for flea and tick control?","True | False","Yes | No","mp","Medicines and Preventatives",2,TRUE
"HLES_dog_owner","mp_flea_and_tick_treatment_frequency","Flea and tick control: frequency of use?","1 | 2 | 3"," Occasionally  |  Regularly for part of the year or seasonally  |  Regularly for the entire year","mp","Medicines and Preventatives",3,TRUE
"HLES_dog_owner","mp_flea_and_tick_treatment_topical","Flea and tick control: Topical products","True | False","Yes | No","mp","Medicines and Preventatives",2,TRUE
"HLES_dog_owner","mp_flea_and_tick_treatment_oral","Flea and tick control: Oral products","True | False","Yes | No","mp","Medicines and Preventatives",2,TRUE
"HLES_dog_owner","mp_flea_and_tick_treatment_dip","Flea and tick control: Dip solution","True | False","Yes | No","mp","Medicines and Preventatives",2,TRUE
"HLES_dog_owner","mp_flea_and_tick_treatment_collar","Flea and tick control: Medicated collars","True | False","Yes | No","mp","Medicines and Preventatives",2,TRUE
"HLES_dog_owner","mp_flea_and_tick_treatment_other","Flea and tick control: Other","True | False","Yes | No","mp","Medicines and Preventatives",2,TRUE
"HLES_dog_owner","mp_heartworm_preventative","Do you use any type of heartworm prevention?","True | False","Yes | No","mp","Medicines and Preventatives",2,TRUE
"HLES_dog_owner","mp_heartworm_preventative_frequency","Heartworm prevention: frequency of use?","1 | 2 | 3"," Occasionally  |  Regularly for part of the year or seasonally  |  Regularly for the entire year","mp","Medicines and Preventatives",3,TRUE
"HLES_dog_owner","mp_heartworm_preventative_oral_chewable","Heartworm prevention: Oral tablets/chewable medications","True | False","Yes | No","mp","Medicines and Preventatives",2,TRUE
"HLES_dog_owner","mp_heartworm_preventative_oral_solution","Heartworm prevention: Oral solution","True | False","Yes | No","mp","Medicines and Preventatives",2,TRUE
"HLES_dog_owner","mp_heartworm_preventative_topical","Heartworm prevention: Topical medications","True | False","Yes | No","mp","Medicines and Preventatives",2,TRUE
"HLES_dog_owner","mp_heartworm_preventative_injectable","Heartworm prevention: Injectable medications","True | False","Yes | No","mp","Medicines and Preventatives",2,TRUE
"HLES_dog_owner","mp_heartworm_preventative_other","Heartworm prevention: Other","True | False","Yes | No","mp","Medicines and Preventatives",2,TRUE
"HLES_dog_owner","mp_vaccination_status","Has your dog been vaccinated?","1 | 2 | 3 | 0 | 99","Yes, my dog is vaccinated against various diseases as recommended by my veterinarian. | Yes, my dog is vaccinated only against rabies virus. | Yes, my dog was vaccinated as a puppy but not as an adult. | No, my dog is not vaccinated. | I don't know.","mp","Medicines and Preventatives",5,TRUE
"HLES_dog_owner","mp_recent_non_prescription_meds_antibiotic_ointment","Given in past year: Antibiotic ointment or cream","True | False","Yes | No","mp","Medicines and Preventatives",2,TRUE
"HLES_dog_owner","mp_recent_non_prescription_meds_antihistamine","Given in past year: Antihistamines (such as Benadryl)","True | False","Yes | No","mp","Medicines and Preventatives",2,TRUE
"HLES_dog_owner","mp_recent_non_prescription_meds_anti_inflammatory","Given in past year: Anti-inflammatories","True | False","Yes | No","mp","Medicines and Preventatives",2,TRUE
"HLES_dog_owner","mp_recent_non_prescription_meds_ear_cleaner","Given in past year: Ear cleaners","True | False","Yes | No","mp","Medicines and Preventatives",2,TRUE
"HLES_dog_owner","mp_recent_non_prescription_meds_enzymes","Given in past year: Enzymes","True | False","Yes | No","mp","Medicines and Preventatives",2,TRUE
"HLES_dog_owner","mp_recent_non_prescription_meds_eye_lubricant","Given in past year: Eye lubricants","True | False","Yes | No","mp","Medicines and Preventatives",2,TRUE
"HLES_dog_owner","mp_recent_non_prescription_meds_joint_supplement","Given in past year: Joint supplements","True | False","Yes | No","mp","Medicines and Preventatives",2,TRUE
"HLES_dog_owner","mp_recent_non_prescription_meds_upset_stomach","Given in past year: Medications for stomach or GI upset (such as Pepcid)","True | False","Yes | No","mp","Medicines and Preventatives",2,TRUE
"HLES_dog_owner","mp_recent_non_prescription_meds_omega3","Given in past year: Omega-3 or other fatty acids or fish oils","True | False","Yes | No","mp","Medicines and Preventatives",2,TRUE
"HLES_dog_owner","mp_recent_non_prescription_meds_non_oil_skin","Given in past year: Skin coat supplement other than oils","True | False","Yes | No","mp","Medicines and Preventatives",2,TRUE
"HLES_dog_owner","mp_recent_non_prescription_meds_probiotic","Given in past year: Probiotics","True | False","Yes | No","mp","Medicines and Preventatives",2,TRUE
"HLES_dog_owner","mp_recent_non_prescription_meds_acidify_supplement","Given in past year: Supplement to acidify urine","True | False","Yes | No","mp","Medicines and Preventatives",2,TRUE
"HLES_dog_owner","mp_recent_non_prescription_meds_alkalinize_supplement","Given in past year: Supplement to alkalinize urine","True | False","Yes | No","mp","Medicines and Preventatives",2,TRUE
"HLES_dog_owner","mp_recent_non_prescription_meds_vitamin","Given in past year: Vitamins","True | False","Yes | No","mp","Medicines and Preventatives",2,TRUE
"HLES_dog_owner","mp_recent_non_prescription_meds_other","Given in past year: Other","True | False","Yes | No","mp","Medicines and Preventatives",2,TRUE
"HLES_dog_owner","hs_vet_frequency","How often is your dog seen by a veterinarian?","0 | 1 | 2 | 3"," Never  |  Less than Once Per Year  |  About Once Per Year  |  More than Once Per Year","hs","Health Status",4,TRUE
"HLES_dog_owner","hs_general_health","Would you say that in general your dog's health is:","1 | 2 | 3 | 4 | 5 | 6"," Excellent |  Very good |  Good |  Fair |  Poor |  Very poor","hs","Health Status",6,TRUE
"HLES_dog_owner","hs_new_condition_diagnosed_recently","In the past three months, has your dog been diagnosed with any new conditions?","True | False","Yes | No","hs","Health Status",2,TRUE
"HLES_dog_owner","hs_new_condition_diagnosed_last_month","Were the conditions diagnosed in the past month?","True | False","Yes | No","hs","Health Status",2,TRUE
"HLES_dog_owner","hs_chronic_condition_present","Does your dog have any ongoing medical conditions?","True | False","Yes | No","hs","Health Status",2,TRUE
"HLES_dog_owner","hs_chronic_condition_recently_changed_or_treated","In the past three months, has your dog had any changes to the status of, or medications for, these conditions?","True | False","Yes | No","hs","Health Status",2,TRUE
"HLES_dog_owner","hs_congenital_condition_present","Was your dog born with a congenital disorder (defect present at birth)?","True | False","Yes | No","hs","Health Status",2,TRUE
"HLES_dog_owner","hs_recent_hospitalization","In the past three months, has your dog been hospitalized for more than 24 hours?","True | False","Yes | No","hs","Health Status",2,TRUE
"HLES_dog_owner","hs_recent_hospitalization_reason_spay_or_neuter","Reason for hospitalization (select all that apply): Spay or neuter","True | False","Yes | No","hs","Health Status",2,TRUE
"HLES_dog_owner","hs_recent_hospitalization_reason_dentistry","Reason for hospitalization (select all that apply): Dentistry","True | False","Yes | No","hs","Health Status",2,TRUE
"HLES_dog_owner","hs_recent_hospitalization_reason_boarding","Reason for hospitalization (select all that apply): Boarding","True | False","Yes | No","hs","Health Status",2,TRUE
"HLES_dog_owner","hs_recent_hospitalization_reason_other","Reason for hospitalization (select all that apply): Other","True | False","Yes | No","hs","Health Status",2,TRUE
"HLES_dog_owner","hs_health_conditions_eye","Eye disorders","0 | 1 | 2 | 3"," No disorder(s)  |  Only congenital disorder(s)  |  Only non-congenital disorder(s)  |  Both congenital and non-congenital disorder(s)","hs","Health Status",4,TRUE
"HLES_dog_owner","hs_health_conditions_ear","Ear, nose, and throat disorders","0 | 1 | 2 | 3"," No disorder(s)  |  Only congenital disorder(s)  |  Only non-congenital disorder(s)  |  Both congenital and non-congenital disorder(s)","hs","Health Status",4,TRUE
"HLES_dog_owner","hs_health_conditions_oral","Dental or oral disease","0 | 1 | 2 | 3"," No disorder(s)  |  Only congenital disorder(s)  |  Only non-congenital disorder(s)  |  Both congenital and non-congenital disorder(s)","hs","Health Status",4,TRUE
"HLES_dog_owner","hs_health_conditions_skin","Skin disorders","0 | 1 | 2 | 3"," No disorder(s)  |  Only congenital disorder(s)  |  Only non-congenital disorder(s)  |  Both congenital and non-congenital disorder(s)","hs","Health Status",4,TRUE
"HLES_dog_owner","hs_health_conditions_cardiac","Cardiac disorders","0 | 1 | 2 | 3"," No disorder(s)  |  Only congenital disorder(s)  |  Only non-congenital disorder(s)  |  Both congenital and non-congenital disorder(s)","hs","Health Status",4,TRUE
"HLES_dog_owner","hs_health_conditions_respiratory","Respiratory disorders","0 | 1 | 2 | 3"," No disorder(s)  |  Only congenital disorder(s)  |  Only non-congenital disorder(s)  |  Both congenital and non-congenital disorder(s)","hs","Health Status",4,TRUE
"HLES_dog_owner","hs_health_conditions_gastrointestinal","Gastrointestinal disorders","0 | 1 | 2 | 3"," No disorder(s)  |  Only congenital disorder(s)  |  Only non-congenital disorder(s)  |  Both congenital and non-congenital disorder(s)","hs","Health Status",4,TRUE
"HLES_dog_owner","hs_health_conditions_liver","Liver or pancreas disorders","0 | 1 | 2 | 3"," No disorder(s)  |  Only congenital disorder(s)  |  Only non-congenital disorder(s)  |  Both congenital and non-congenital disorder(s)","hs","Health Status",4,TRUE
"HLES_dog_owner","hs_health_conditions_kidney","Kidney or urinary disorders","0 | 1 | 2 | 3"," No disorder(s)  |  Only congenital disorder(s)  |  Only non-congenital disorder(s)  |  Both congenital and non-congenital disorder(s)","hs","Health Status",4,TRUE
"HLES_dog_owner","hs_health_conditions_reproductive","Reproductive system disorders","0 | 1 | 2 | 3"," No disorder(s)  |  Only congenital disorder(s)  |  Only non-congenital disorder(s)  |  Both congenital and non-congenital disorder(s)","hs","Health Status",4,TRUE
"HLES_dog_owner","hs_health_conditions_orthopedic","Orthopedic disorders","0 | 1 | 2 | 3"," No disorder(s)  |  Only congenital disorder(s)  |  Only non-congenital disorder(s)  |  Both congenital and non-congenital disorder(s)","hs","Health Status",4,TRUE
"HLES_dog_owner","hs_health_conditions_neurological","Neurologic disorders","0 | 1 | 2 | 3"," No disorder(s)  |  Only congenital disorder(s)  |  Only non-congenital disorder(s)  |  Both congenital and non-congenital disorder(s)","hs","Health Status",4,TRUE
"HLES_dog_owner","hs_health_conditions_endocrine","Endocrine disorders","0 | 1 | 2 | 3"," No disorder(s)  |  Only congenital disorder(s)  |  Only non-congenital disorder(s)  |  Both congenital and non-congenital disorder(s)","hs","Health Status",4,TRUE
"HLES_dog_owner","hs_health_conditions_hematologic","Hematopoietic (blood or lymphatic) disease ","0 | 1 | 2 | 3"," No disorder(s)  |  Only congenital disorder(s)  |  Only non-congenital disorder(s)  |  Both congenital and non-congenital disorder(s)","hs","Health Status",4,TRUE
"HLES_dog_owner","hs_health_conditions_immune","Immune-mediated disease","0 | 1 | 2 | 3"," No disorder(s)  |  Only congenital disorder(s)  |  Only non-congenital disorder(s)  |  Both congenital and non-congenital disorder(s)","hs","Health Status",4,TRUE
"HLES_dog_owner","hs_health_conditions_infectious_disease","Infectious or parasitic disease","0 | 1 | 2 | 3"," No disorder(s)  |  Only congenital disorder(s)  |  Only non-congenital disorder(s)  |  Both congenital and non-congenital disorder(s)","hs","Health Status",4,TRUE
"HLES_dog_owner","hs_health_conditions_toxin_consumption","Ingestion of toxic or controlled substance","0 | 1 | 2 | 3"," No disorder(s)  |  Only congenital disorder(s)  |  Only non-congenital disorder(s)  |  Both congenital and non-congenital disorder(s)","hs","Health Status",4,TRUE
"HLES_dog_owner","hs_health_conditions_trauma","Trauma","0 | 1 | 2 | 3"," No disorder(s)  |  Only congenital disorder(s)  |  Only non-congenital disorder(s)  |  Both congenital and non-congenital disorder(s)","hs","Health Status",4,TRUE
"HLES_dog_owner","hs_health_conditions_cancer","Cancer or Tumors","0 | 1 | 2 | 3"," No disorder(s)  |  Only congenital disorder(s)  |  Only non-congenital disorder(s)  |  Both congenital and non-congenital disorder(s)","hs","Health Status",4,TRUE
"HLES_dog_owner","hs_health_conditions_other","Did your dog's congenital disorder affect another body system?","0 | 1 | 2 | 3"," No disorder(s)  |  Only congenital disorder(s)  |  Only non-congenital disorder(s)  |  Both congenital and non-congenital disorder(s)","hs","Health Status",4,TRUE
"HLES_dog_owner","hs_alternative_care_none","In addition to veterinary care and prescription medications, which of the following health care approaches have you utilized for your pet? None of the above","True | False","Yes | No","hs","Health Status",2,TRUE
"HLES_dog_owner","hs_alternative_care_acupuncture","In addition to veterinary care and prescription medications, which of the following health care approaches have you utilized for your pet? Acupuncture","True | False","Yes | No","hs","Health Status",2,TRUE
"HLES_dog_owner","hs_alternative_care_herbal_medicine","In addition to veterinary care and prescription medications, which of the following health care approaches have you utilized for your pet? Herbal medicine","True | False","Yes | No","hs","Health Status",2,TRUE
"HLES_dog_owner","hs_alternative_care_homeopathy","In addition to veterinary care and prescription medications, which of the following health care approaches have you utilized for your pet? Homeopathy","True | False","Yes | No","hs","Health Status",2,TRUE
"HLES_dog_owner","hs_alternative_care_chiropractic","In addition to veterinary care and prescription medications, which of the following health care approaches have you utilized for your pet? Chiropractic","True | False","Yes | No","hs","Health Status",2,TRUE
"HLES_dog_owner","hs_alternative_care_massage","In addition to veterinary care and prescription medications, which of the following health care approaches have you utilized for your pet? Massage","True | False","Yes | No","hs","Health Status",2,TRUE
"HLES_dog_owner","hs_alternative_care_rehabilitation_therapy","In addition to veterinary care and prescription medications, which of the following health care approaches have you utilized for your pet? Rehabilitation therapy","True | False","Yes | No","hs","Health Status",2,TRUE
"HLES_dog_owner","hs_alternative_care_reiki","In addition to veterinary care and prescription medications, which of the following health care approaches have you utilized for your pet? Reiki","True | False","Yes | No","hs","Health Status",2,TRUE
"HLES_dog_owner","hs_alternative_care_traditional_chinese_medicine","In addition to veterinary care and prescription medications, which of the following health care approaches have you utilized for your pet? Traditional Chinese medicine","True | False","Yes | No","hs","Health Status",2,TRUE
"HLES_dog_owner","hs_alternative_care_other","In addition to veterinary care and prescription medications, which of the following health care approaches have you utilized for your pet? Other","True | False","Yes | No","hs","Health Status",2,TRUE
"HLES_dog_owner","fs_primary_care_veterinarian_exists","Some of our additional studies include analyzing your dog's veterinary medical records. Do you have a primary care veterinarian that provides most or all of your dog's medical care?","True | False","Yes | No","fs","Additional Studies",2,TRUE
"HLES_dog_owner","fs_primary_care_veterinarian_state","Clinic State","AL | AK | AZ | AR | CA | CO | CT | DE | DC | FL | GA | HI | ID | IL | IN | IA | KS | KY | LA | ME | MD | MA | MI | MN | MS | MO | MT | NE | NV | NH | NJ | NM | NY | NC | ND | OH | OK | OR | PA | RI | SC | SD | TN | TX | UT | VT | VA | WA | WV | WI | WY","Alabama | Alaska | Arizona | Arkansas | California | Colorado | Connecticut | Delaware | District of Columbia | Florida | Georgia | Hawaii | Idaho | Illinois | Indiana | Iowa | Kansas | Kentucky | Louisiana | Maine | Maryland | Massachusetts | Michigan | Minnesota | Mississippi | Missouri | Montana | Nebraska | Nevada | New Hampshire | New Jersey | New Mexico | New York | North Carolina | North Dakota | Ohio | Oklahoma | Oregon | Pennsylvania | Rhode Island | South Carolina | South Dakota | Tennessee | Texas | Utah | Vermont | Virginia | Washington | West Virginia | Wisconsin | Wyoming","fs","Additional Studies",51,TRUE
"HLES_dog_owner","od_age_range_years","Please select your age category.","1 | 2 | 3 | 4 | 5 | 6 | 7 ","18-24 | 25-34 | 35-44 | 45-54 | 55-64 | 65-74 | 75 and older","od","Owner Demographics",7,TRUE
"HLES_dog_owner","od_max_education","What is the highest degree or level of school you have completed? If currently enrolled, please indicate the highest degree received.","0 | 1 | 2 | 3 | 4 | 5 | 6 | 7 | 8 | 9 | 10 | 11","No schooling completed | Nursery school to 8th grade | Some high school, no diploma | High school graduate | High school equivalent degree (such as GED) | Some college credit, no degree | Trade, technical, or vocational training | Associate degree | Bachelor's degree | Master's degree | Professional degree (such as DVM, MD, DDS, or JD) | Doctorate degree (such as PhD, DrPH, or DPhil)","od","Owner Demographics",12,TRUE
"HLES_dog_owner","od_race_white","Choose all you identify with: White","True | False","Yes | No","od","Owner Demographics",2,TRUE
"HLES_dog_owner","od_race_black_or_african_american","Choose all you identify with: Black or African American","True | False","Yes | No","od","Owner Demographics",2,TRUE
"HLES_dog_owner","od_race_asian","Choose all you identify with: Asian","True | False","Yes | No","od","Owner Demographics",2,TRUE
"HLES_dog_owner","od_race_american_indian","Choose all you identify with: American Indian","True | False","Yes | No","od","Owner Demographics",2,TRUE
"HLES_dog_owner","od_race_alaska_native","Choose all you identify with: Alaska Native","True | False","Yes | No","od","Owner Demographics",2,TRUE
"HLES_dog_owner","od_race_native_hawaiian","Choose all you identify with: Native Hawaiian","True | False","Yes | No","od","Owner Demographics",2,TRUE
"HLES_dog_owner","od_race_other_pacific_islander","Choose all you identify with: Pacific Islander","True | False","Yes | No","od","Owner Demographics",2,TRUE
"HLES_dog_owner","od_race_other","Choose all you identify with: Other","True | False","Yes | No","od","Owner Demographics",2,TRUE
"HLES_dog_owner","od_hispanic","Would you consider yourself to be Hispanic or Latino?","True | False","Yes | No","od","Owner Demographics",2,TRUE
"HLES_dog_owner","od_annual_income_range_usd","Please select the group which most closely matches your total combined family pre-tax income:","1 | 2 | 3 | 4 | 5 | 6 | 7 | 8 | 9 | 10 | 98","Less than $20,000 | $20,000 - $39,999 | $40,000 - $59,999 | $60,000 - $79,999 | $80,000 - $99,999 | $100,000 - $119,999 | $120,000 - $139,999 | $140,000 - $159,999 | $160,000 - $179,999 | $180,000 or more | I'd prefer not to answer","od","Owner Demographics",11,TRUE
"HLES_dog_owner","oc_household_person_count","Including yourself, how many people live in your household?","1 | 2 | 3 | 4 | 5 | 6 | 7 | 8 | 9 | 10 | 11 | 12","1 | 2 | 3 | 4 | 5 | 6 | 7 | 8 | 9 | 10 | 11 | 12+ ","oc","Owner Contact",12,FALSE
"HLES_dog_owner","oc_household_adult_count","Number of adults (age 18 and over) in your household:","1 | 2 | 3 | 4 | 5 | 6 | 7 | 8 | 9 | 10","1 | 2 | 3 | 4 | 5 | 6 | 7 | 8 | 9 | 10+ ","oc","Owner Contact",10,FALSE
"HLES_dog_owner","oc_household_child_count","Number of children (less than age 18) in your household:","0 | 1 | 2 | 3 | 4 | 5 | 6 | 7 | 8 | 9 | 10","0 | 1 | 2 | 3 | 4 | 5 | 6 | 7 | 8 | 9 | 10+ ","oc","Owner Contact",11,FALSE
"HLES_dog_owner","od_household_dog_count","How many dogs live in your household?","1 | 2 | 3 | 4 | 5 | 6 | 7 | 8 | 9 | 10","1 | 2 | 3 | 4 | 5 | 6 | 7 | 8 | 9 | 10","od","Owner Demographics",10,FALSE
